Predicted Cotherapy,Relationship,dme,Drugs with labeled DME,DME pathway intermediate,Intermediate node count,PMID,Notes
Adenosine triphosphate,Activates,Cardiac Arrest,"Isoflurane,Calcium,Chlorpromazine",AKT1,3,26528795,
Adenosine triphosphate,Activates,Cardiac Arrest,"Isoflurane,Calcium,Chlorpromazine",AKT1,3,28974348,
Recombinant urokinase,Prevents,Cerebral Infarction,"Alteplase,Tenecteplase,Reteplase,Tranexamic Acid|Alteplase,Tenecteplase,Reteplase,Tranexamic Acid","PLAT,PLAU",5|5,26550224,
Caffeine,Prevents,Cerebral Infarction,"Ziprasidone,Pramipexole|Cabozantinib|Cabozantinib","ADORA1,PIK3CB,PIK3CA",4|1|1,23826680,
Isoflurane,Prevents,Cerebral Infarction,Cabozantinib,CALM3,1,26045932,
"Antihemophilic factor, human recombinant",Unclear,Cerebral Infarction,"Ziprasidone,Pramipexole|Tenecteplase,Alteplase,Reteplase","F2,VWF",2|3,25669199,
Argatroban,Prevents,Cerebral Infarction,"Ziprasidone,Pramipexole",F2,2,22576008,
Caffeine,Unclear,Cerebral Infarction,"Ziprasidone,Pramipexole|Cabozantinib|Cabozantinib","ADORA1,PIK3CB,PIK3CA",4|1|1,25269055,
Calcium,Correlated,Cerebral Infarction,Cabozantinib,CALM3,1,25692107,
Calcium,Activates,Cerebral Infarction,Cabozantinib,CALM3,1,28133009,
Calcium,Activates,Cerebral Infarction,Cabozantinib,CALM3,1,27887791,
Calcium,Correlated,Cerebral Infarction,Cabozantinib,CALM3,1,29344828,
Dexamethasone,Prevents,Cerebral Infarction,"Ziprasidone,Pramipexole",ANXA1,2,28025500,
Dexamethasone,Prevents,Cerebral Infarction,"Ziprasidone,Pramipexole",ANXA1,2,30092249,
Isoflurane,Prevents,Cerebral Infarction,Cabozantinib,CALM3,1,23827345,
Isoflurane,Prevents,Cerebral Infarction,Cabozantinib,CALM3,1,26645542,preconditioning has a neuroprotective effect
Isoflurane,Prevents,Cerebral Infarction,Cabozantinib,CALM3,1,23313315,
Isoflurane,Prevents,Cerebral Infarction,Cabozantinib,CALM3,1,28276488,TASK channels implicated in this mechanism
Melatonin,Prevents,Cerebral Infarction,Cabozantinib|Ziprasidone|Ziprasidone,"CALM3,MTNR1A,MTNR1B",1|1|1,30029514,
Melatonin,Prevents,Cerebral Infarction,Cabozantinib|Ziprasidone|Ziprasidone,"CALM3,MTNR1A,MTNR1B",1|1|1,28178380,
Recombinant urokinase,Prevents,Cerebral Infarction,"Alteplase,Tenecteplase,Reteplase,Tranexamic Acid|Alteplase,Tenecteplase,Reteplase,Tranexamic Acid","PLAT,PLAU",5|5,23596496,
Calcium,Prevents,Delirium,Memantine,CALM3,1,27881118,hypocalcemia is a risk factor for post-operative delirium
Chlorpromazine,Prevents,Delirium,"Memantine|Ziprasidone,Pergolide,Quetiapine,Aripiprazole,Imipramine,Nortriptyline","CALM3,HRH4",1|6,29757064,
Chlorpromazine,Prevcents,Delirium,"Memantine|Ziprasidone,Pergolide,Quetiapine,Aripiprazole,Imipramine,Nortriptyline","CALM3,HRH4",1|6,30259395,probably has a sedative effect
Isoflurane,Unclear,Delirium,Memantine,CALM3,1,25440646,
Isoflurane,Activates,Delirium,Memantine,CALM3,1,23831083,
Melatonin,No effect,Delirium,"Memantine|Ziprasidone,Pergolide,Quetiapine,Aripiprazole,Imipramine,Nortriptyline|Ziprasidone,Pergolide,Quetiapine,Aripiprazole,Imipramine,Nortriptyline","CALM3,MTNR1A,MTNR1B",1|6|6,29729237,
Melatonin,No effect,Delirium,"Memantine|Ziprasidone,Pergolide,Quetiapine,Aripiprazole,Imipramine,Nortriptyline|Ziprasidone,Pergolide,Quetiapine,Aripiprazole,Imipramine,Nortriptyline","CALM3,MTNR1A,MTNR1B",1|6|6,30292426,
Melatonin,Prevents,Delirium,"Memantine|Ziprasidone,Pergolide,Quetiapine,Aripiprazole,Imipramine,Nortriptyline|Ziprasidone,Pergolide,Quetiapine,Aripiprazole,Imipramine,Nortriptyline","CALM3,MTNR1A,MTNR1B",1|6|6,29565512,during acute organophosphorus pesticide poisoning induced delirium
Melatonin,Prevents,Delirium,"Memantine|Ziprasidone,Pergolide,Quetiapine,Aripiprazole,Imipramine,Nortriptyline|Ziprasidone,Pergolide,Quetiapine,Aripiprazole,Imipramine,Nortriptyline","CALM3,MTNR1A,MTNR1B",1|6|6,29595562,"Ramelteon, a meltaonin agonist reduced duration of delirium"
Melatonin,Unclear,Delirium,"Memantine|Ziprasidone,Pergolide,Quetiapine,Aripiprazole,Imipramine,Nortriptyline|Ziprasidone,Pergolide,Quetiapine,Aripiprazole,Imipramine,Nortriptyline","CALM3,MTNR1A,MTNR1B",1|6|6,29955513,Altered levels of melatonin in delirum patients
Melatonin,Unclear,Delirium,"Memantine|Ziprasidone,Pergolide,Quetiapine,Aripiprazole,Imipramine,Nortriptyline|Ziprasidone,Pergolide,Quetiapine,Aripiprazole,Imipramine,Nortriptyline","CALM3,MTNR1A,MTNR1B",1|6|6,27539735,
Nifedipine,Activates,Delirium,Memantine,CALM3,1,29284416,
Promethazine,Activates,Delirium,Memantine,CALM3,1,30040111,
Promethazine,Activates,Delirium,Memantine,CALM3,1,23631415,
"Antihemophilic factor, human recombinant",Correlated,DVT,Heparin,F2,1,29387976,also known as Facto VIII
"Antihemophilic factor, human recombinant",Activates,DVT,Heparin,F2,1,29266445,
"Antihemophilic factor, human recombinant",Activates,DVT,Heparin,F2,1,25575413,
"Antihemophilic factor, human recombinant",Activates,DVT,Heparin,F2,1,23076778,
Argatroban,Case Report,DVT,Heparin,F2,1,30212955,
Argatroban,Case Report,DVT,Heparin,F2,1,28856946,Argatroban was insufficient for preventing DVT
Argatroban,Prevents?,DVT,Heparin,F2,1,23377239,Coadministration 
Argatroban,Case Report,DVT,Heparin,F2,1,28725494,"Despite treatment with, patient developed DVT"
Bivalirudin,Unclear,DVT,Heparin,F2,1,28057952,
Bivalirudin,Prevents,DVT,Heparin,F2,1,26180006,
Bivalirudin,Prevents,DVT,Heparin,F2,1,23568093,May be an alternative treatment for patients at risk of DVT who cannot take heparin.
Coagulation factor vii human,Prevents?,DVT,Heparin,F3,1,25891834,Decreased levels of Favtor VII associated with DVT
Coagulation factor viia recombinant human,Unclear,DVT,Heparin|Heparin,"F7,F3",1|1,26013425,
Dabigatran etexilate,Prevents,DVT,Heparin,F2,1,28197239,
Dabigatran etexilate,Prevents,DVT,Heparin,F2,1,28594794,
Dabigatran etexilate,Prevents,DVT,Heparin,F2,1,27271721,
Dabigatran etexilate,Prevents,DVT,Heparin,F2,1,26035562,
Ambrisentan,Unclear,Edema,"Eprosartan,Telmisartan,Olmesartan,Desmopressin,Carvedilol,Irbesartan",EDNRA,6,25604973,
Amiloride,Prevents,Edema,Aminocaproic Acid,PLAU,1,29939487,
Amiloride,Prevents,Edema,Aminocaproic Acid,PLAU,1,28790111,
Ascorbic acid,Prevents,Edema,Carvedilol,EGLN1,2,28328669,
Ascorbic acid,Prevents,Edema,Carvedilol,EGLN1,2,26612341,
Ascorbic acid,Prevents,Edema,Carvedilol,EGLN1,2,26266908,
Aspirin,Unclear,Edema,"Eprosartan,Telmisartan,Olmesartan,Desmopressin,Carvedilol,Irbesartan",EDNRA,6,26899462,
Aspirin,Prevents,Edema,"Eprosartan,Telmisartan,Olmesartan,Desmopressin,Carvedilol,Irbesartan",EDNRA,6,25901713,
Aspirin,Prevents,Edema,"Eprosartan,Telmisartan,Olmesartan,Desmopressin,Carvedilol,Irbesartan",EDNRA,6,24285125,
Aspirin,Prevents,Edema,"Eprosartan,Telmisartan,Olmesartan,Desmopressin,Carvedilol,Irbesartan",EDNRA,6,28162289,
Aspirin,Prevents,Edema,"Eprosartan,Telmisartan,Olmesartan,Desmopressin,Carvedilol,Irbesartan",EDNRA,6,24656779,
Plasmin,Prevents?,Edema,"Eprosartan,Telmisartan,Olmesartan,Desmopressin,Carvedilol,Irbesartan",EDNRA,6,29962211,Low levels of plasmin associated with edema
Plasmin,Activates,Edema,"Eprosartan,Telmisartan,Olmesartan,Desmopressin,Carvedilol,Irbesartan",EDNRA,6,23216619,
Pseudoephedrine,Prevents,Edema,Vandetanib,IL2,1,28347584,
Recombinant urokinase,Activates,Edema,Aminocaproic Acid,PLAU,1,24255893,
Vitamin c,Prevents,Edema,Carvedilol,EGLN1,2,26612341,
Vitamin c,Prevents,Edema,Carvedilol,EGLN1,2,26266908,
Vitamin c,Prevents,Edema,Carvedilol,EGLN1,2,23716886,
Aspirin,Activates,Gastric Ulcer,"Ibuprofen,Thalidomide,Nabumetone,Caffeine,Meloxicam",TP53,5,30396089,
Aspirin,Activates,Gastric Ulcer,"Ibuprofen,Thalidomide,Nabumetone,Caffeine,Meloxicam",TP53,5,30184768,
Aspirin,Activates,Gastric Ulcer,"Ibuprofen,Thalidomide,Nabumetone,Caffeine,Meloxicam",TP53,5,30013459,
Aspirin,Activates,Gastric Ulcer,"Ibuprofen,Thalidomide,Nabumetone,Caffeine,Meloxicam",TP53,5,30073231,
Cysteamine,Activates,Gastric Ulcer,"Hyoscyamine,Atropine,Scopolamine,Clozapine,Paroxetine|Hyoscyamine,Atropine,Ropinirole,Cabergoline,Scopolamine,Clozapine,Paroxetine,Caffeine,Pramipexole,Diphenhydramine","NPY2R,SST",5|10,30184768,
Epinephrine,Activates,Gastric Ulcer,"Metoprolol,Ropinirole,Cabergoline,Clozapine,Pseudoephedrine,Caffeine,Pramipexole",ADRB3,7,23201077,
Histamine,Activates,Gastric Ulcer,"Hyoscyamine,Atropine,Ropinirole,Cabergoline,Scopolamine,Clozapine,Paroxetine,Caffeine,Pramipexole,Diphenhydramine|Cabergoline","HRH3,HRH2",10|1,29142437,
Histamine,Activates,Gastric Ulcer,"Hyoscyamine,Atropine,Ropinirole,Cabergoline,Scopolamine,Clozapine,Paroxetine,Caffeine,Pramipexole,Diphenhydramine|Cabergoline","HRH3,HRH2",10|1,28615015,histamine receptor antagonists prevent gastric ulcers
Histamine,Activates,Gastric Ulcer,"Hyoscyamine,Atropine,Ropinirole,Cabergoline,Scopolamine,Clozapine,Paroxetine,Caffeine,Pramipexole,Diphenhydramine|Cabergoline","HRH3,HRH2",10|1,28139747,histamine receptor antagonists prevent gastric ulcers
Low-dose aspirin,Activates,Gastric Ulcer,"Ibuprofen,Thalidomide,Nabumetone,Caffeine,Meloxicam",TP53,5,29739175,
Sucralfate,Prevents,Gastric Ulcer,"Hyoscyamine,Metoprolol,Ibuprofen,Atropine,Cabergoline,Scopolamine,Thalidomide,Clozapine,Lidocaine,Paroxetine,Pseudoephedrine,Caffeine,Diphenhydramine|Nilotinib,Thalidomide,Imatinib,Lidocaine,Caffeine","EGF,FGF2",13|5,27739140,
Sucralfate,Case report in manta ray,Gastric Ulcer,"Hyoscyamine,Metoprolol,Ibuprofen,Atropine,Cabergoline,Scopolamine,Thalidomide,Clozapine,Lidocaine,Paroxetine,Pseudoephedrine,Caffeine,Diphenhydramine|Nilotinib,Thalidomide,Imatinib,Lidocaine,Caffeine","EGF,FGF2",13|5,27691938,
Sucralfate,Prevents,Gastric Ulcer,"Hyoscyamine,Metoprolol,Ibuprofen,Atropine,Cabergoline,Scopolamine,Thalidomide,Clozapine,Lidocaine,Paroxetine,Pseudoephedrine,Caffeine,Diphenhydramine|Nilotinib,Thalidomide,Imatinib,Lidocaine,Caffeine","EGF,FGF2",13|5,25521744,
Acetylcysteine,Induces,Hemorrhage,"Glucosamine,Auranofin",CHUK,3,27083693,NAC leads to less bleeding than enoxoparin
Acetylcysteine,Unclear,Hemorrhage,"Glucosamine,Auranofin",CHUK,3,26958800,
Aspirin,Induces,Hemorrhage,"Mefenamic acid,Etanercept,Piroxicam,Thalidomide,Bromfenac,Ketoprofen,Nabumetone,Oxaprozin,Fenoprofen,Meloxicam,Meclofenamic acid,Tolmetin|Auranofin","TP53,NFKBIA",12|1,30023457,
Aspirin,Unclear,Hemorrhage,"Mefenamic acid,Etanercept,Piroxicam,Thalidomide,Bromfenac,Ketoprofen,Nabumetone,Oxaprozin,Fenoprofen,Meloxicam,Meclofenamic acid,Tolmetin|Auranofin","TP53,NFKBIA",12|1,29720860,
Aspirin,Unclear,Hemorrhage,"Mefenamic acid,Etanercept,Piroxicam,Thalidomide,Bromfenac,Ketoprofen,Nabumetone,Oxaprozin,Fenoprofen,Meloxicam,Meclofenamic acid,Tolmetin|Auranofin","TP53,NFKBIA",12|1,28063671,less relative to vitamin K agonists
Aspirin,Induces,Hemorrhage,"Mefenamic acid,Etanercept,Piroxicam,Thalidomide,Bromfenac,Ketoprofen,Nabumetone,Oxaprozin,Fenoprofen,Meloxicam,Meclofenamic acid,Tolmetin|Auranofin","TP53,NFKBIA",12|1,27064261,
Aspirin,Induces,Hemorrhage,"Mefenamic acid,Etanercept,Piroxicam,Thalidomide,Bromfenac,Ketoprofen,Nabumetone,Oxaprozin,Fenoprofen,Meloxicam,Meclofenamic acid,Tolmetin|Auranofin","TP53,NFKBIA",12|1,24733305,
Coagulation factor vii human,Prevents,Hemorrhage,Quinine,F9,1,29517971,
Coagulation factor vii human,Prevents,Hemorrhage,Quinine,F9,1,29723892,
Coagulation factor vii human,Prevents,Hemorrhage,Quinine,F9,1,29884487,
Coagulation factor viia recombinant human,Prevents,Hemorrhage,"Fondaparinux sodium,Cephalexin,Ampicillin,Heparin,Lauric Acid,Desflurane,Tacrolimus,Edoxaban,Cefotetan,Tetracycline,Hyaluronidase,Methyltestosterone,Ceftriaxone,Cefotaxime,Oxymetholone,Clonazepam,Acitretin,Methotrexate,Vancomycin,Vandetanib,Sevoflurane,Naproxen,Enoxaparin,Cefazolin,Fosphenytoin,Ketoprofen,Rivaroxaban,Flurbiprofen,Bismuth Subsalicylate,Auranofin,Piroxicam,Prednisone,Salicylic acid,Fenoprofen,Diflunisal",F7,44,30317158,
Coagulation factor viia recombinant human,Prevents,Hemorrhage,"Fondaparinux sodium,Cephalexin,Ampicillin,Heparin,Lauric Acid,Desflurane,Tacrolimus,Edoxaban,Cefotetan,Tetracycline,Hyaluronidase,Methyltestosterone,Ceftriaxone,Cefotaxime,Oxymetholone,Clonazepam,Acitretin,Methotrexate,Vancomycin,Vandetanib,Sevoflurane,Naproxen,Enoxaparin,Cefazolin,Fosphenytoin,Ketoprofen,Rivaroxaban,Flurbiprofen,Bismuth Subsalicylate,Auranofin,Piroxicam,Prednisone,Salicylic acid,Fenoprofen,Diflunisal",F7,44,29804265,
Coagulation factor viia recombinant human,Prevents,Hemorrhage,"Fondaparinux sodium,Cephalexin,Ampicillin,Heparin,Lauric Acid,Desflurane,Tacrolimus,Edoxaban,Cefotetan,Tetracycline,Hyaluronidase,Methyltestosterone,Ceftriaxone,Cefotaxime,Oxymetholone,Clonazepam,Acitretin,Methotrexate,Vancomycin,Vandetanib,Sevoflurane,Naproxen,Enoxaparin,Cefazolin,Fosphenytoin,Ketoprofen,Rivaroxaban,Flurbiprofen,Bismuth Subsalicylate,Auranofin,Piroxicam,Prednisone,Salicylic acid,Fenoprofen,Diflunisal",F7,44,30426948,
Dexamethasone,Induces,Hemorrhage,"Ketoprofen,Quetiapine,Olanzapine,Aripiprazole",ANXA1,4,30062141,
Dexamethasone,Prevents,Hemorrhage,"Ketoprofen,Quetiapine,Olanzapine,Aripiprazole",ANXA1,4,30006635,nanoparticle formulation
Dexamethasone,Unlcear,Hemorrhage,"Ketoprofen,Quetiapine,Olanzapine,Aripiprazole",ANXA1,4,28583496,No increased risk of bleeding post tonsillectomy
Dexamethasone,Prevents,Hemorrhage,"Ketoprofen,Quetiapine,Olanzapine,Aripiprazole",ANXA1,4,27333620,When used in combo with recombinant human thrombopoietin
Dexamethasone,Unlcear,Hemorrhage,"Ketoprofen,Quetiapine,Olanzapine,Aripiprazole",ANXA1,4,23812505,No adverse side effects for treating bleeding with liposteroid
Dexamethasone,Prevents,Hemorrhage,"Ketoprofen,Quetiapine,Olanzapine,Aripiprazole",ANXA1,4,24342001,"Compared to LPS, improved bleeding in lung injury patients."
Human serum albumin,Unclear,Hemorrhage,"Aripiprazole,Risperidone,Epinephrine,Quetiapine,Olanzapine,Carvedilol|Ampicillin,Prasugrel,Lauric Acid,Risperidone,Tacrolimus,Cefotetan,Iloprost,Tetracycline,Hyaluronidase,Diazoxide,Clonazepam,Pentoxifylline,Epinephrine,Carvedilol,Vancomycin,Vandetanib,Ketoprofen,Quetiapine,Olanzapine,Aripiprazole,Bismuth Subsalicylate,Auranofin,Phenylephrine,Fenoprofen","SAA1,APOE",6|30,23077106,
Ketamine,Activates,Hemorrhage,"Quetiapine,Olanzapine,Aripiprazole|Phenylephrine,Bivalirudin,Risperidone,Epinephrine,Quetiapine,Goserelin,Carvedilol,Aripiprazole,Olanzapine|Quetiapine,Olanzapine,Aripiprazole","OPRD1,TACR1,OPRK1",3|9|3,26764276,Ketamine alone was associated with glomerular hemmorage as an anesthetic
Ketamine,Activates,Hemorrhage,"Quetiapine,Olanzapine,Aripiprazole|Phenylephrine,Bivalirudin,Risperidone,Epinephrine,Quetiapine,Goserelin,Carvedilol,Aripiprazole,Olanzapine|Quetiapine,Olanzapine,Aripiprazole","OPRD1,TACR1,OPRK1",3|9|3,25614402,Ketamine had the lowest effect on pulmonary hemmorhage compared to other anaesthetics tested
Ketamine,Prevents,Hemorrhage,"Quetiapine,Olanzapine,Aripiprazole|Phenylephrine,Bivalirudin,Risperidone,Epinephrine,Quetiapine,Goserelin,Carvedilol,Aripiprazole,Olanzapine|Quetiapine,Olanzapine,Aripiprazole","OPRD1,TACR1,OPRK1",3|9|3,24979504,Ketamine reduced hemmorhage in an actue lung injury model
Ketamine,Not related,Hemorrhage,"Quetiapine,Olanzapine,Aripiprazole|Phenylephrine,Bivalirudin,Risperidone,Epinephrine,Quetiapine,Goserelin,Carvedilol,Aripiprazole,Olanzapine|Quetiapine,Olanzapine,Aripiprazole","OPRD1,TACR1,OPRK1",3|9|3,28955248,
Low-dose aspirin,Prevents,Hemorrhage,"Mefenamic acid,Etanercept,Piroxicam,Thalidomide,Bromfenac,Ketoprofen,Nabumetone,Oxaprozin,Fenoprofen,Meloxicam,Meclofenamic acid,Tolmetin|Auranofin","TP53,NFKBIA",12|1,30405096,low dose aspirin is part of a pragmatic approach to managing bleeding in myeloproliferative disorders
Low-dose aspirin,Unclear,Hemorrhage,"Mefenamic acid,Etanercept,Piroxicam,Thalidomide,Bromfenac,Ketoprofen,Nabumetone,Oxaprozin,Fenoprofen,Meloxicam,Meclofenamic acid,Tolmetin|Auranofin","TP53,NFKBIA",12|1,29488142,aspirin + ticagalor was associated with low-rate bleeding
Low-dose aspirin,Unclear,Hemorrhage,"Mefenamic acid,Etanercept,Piroxicam,Thalidomide,Bromfenac,Ketoprofen,Nabumetone,Oxaprozin,Fenoprofen,Meloxicam,Meclofenamic acid,Tolmetin|Auranofin","TP53,NFKBIA",12|1,28947478,"Discontinuation of patients on low-dose aspirin without bleeding event, caused an increase in cardiovascular events"
Low-dose aspirin,Activates,Hemorrhage,"Mefenamic acid,Etanercept,Piroxicam,Thalidomide,Bromfenac,Ketoprofen,Nabumetone,Oxaprozin,Fenoprofen,Meloxicam,Meclofenamic acid,Tolmetin|Auranofin","TP53,NFKBIA",12|1,28797987,Increased bleeding in LDA users following gastrointestinal endoscopic mucosal dissection.
Low-dose aspirin,Activates,Hemorrhage,"Mefenamic acid,Etanercept,Piroxicam,Thalidomide,Bromfenac,Ketoprofen,Nabumetone,Oxaprozin,Fenoprofen,Meloxicam,Meclofenamic acid,Tolmetin|Auranofin","TP53,NFKBIA",12|1,28930849,LDA was a risk factor for colonic diverticular bleeding
Low-dose aspirin,Prevents,Hemorrhage,"Mefenamic acid,Etanercept,Piroxicam,Thalidomide,Bromfenac,Ketoprofen,Nabumetone,Oxaprozin,Fenoprofen,Meloxicam,Meclofenamic acid,Tolmetin|Auranofin","TP53,NFKBIA",12|1,29093065,LDA is not associated with intracranial bleeds and is associated with a decreased risk for subarachnoid hemorrhage
Low-dose aspirin,Unclear,Hemorrhage,"Mefenamic acid,Etanercept,Piroxicam,Thalidomide,Bromfenac,Ketoprofen,Nabumetone,Oxaprozin,Fenoprofen,Meloxicam,Meclofenamic acid,Tolmetin|Auranofin","TP53,NFKBIA",12|1,28732709,LDA did not increased bleeding following endoscopic submucosal dissection
Low-dose aspirin,Unclear,Hemorrhage,"Mefenamic acid,Etanercept,Piroxicam,Thalidomide,Bromfenac,Ketoprofen,Nabumetone,Oxaprozin,Fenoprofen,Meloxicam,Meclofenamic acid,Tolmetin|Auranofin","TP53,NFKBIA",12|1,28425027,LDA with INR regimen following aortic valve replacement had a low risk of bleeding
Low-dose aspirin,Unclear ,Hemorrhage,"Mefenamic acid,Etanercept,Piroxicam,Thalidomide,Bromfenac,Ketoprofen,Nabumetone,Oxaprozin,Fenoprofen,Meloxicam,Meclofenamic acid,Tolmetin|Auranofin","TP53,NFKBIA",12|1,28504994,"In patients age ≥65 years undergoing emergency neurosurgery for traumatic intracranial hemorrhage, preoperative low-dose aspirin treatment was not associated with increased perioperative bleeding"
Low-dose aspirin,Unclear,Hemorrhage,"Mefenamic acid,Etanercept,Piroxicam,Thalidomide,Bromfenac,Ketoprofen,Nabumetone,Oxaprozin,Fenoprofen,Meloxicam,Meclofenamic acid,Tolmetin|Auranofin","TP53,NFKBIA",12|1,28371181,Characterized rates of intracranial hemmorhage for LDA users
Low-dose aspirin,Unclear,Hemorrhage,"Mefenamic acid,Etanercept,Piroxicam,Thalidomide,Bromfenac,Ketoprofen,Nabumetone,Oxaprozin,Fenoprofen,Meloxicam,Meclofenamic acid,Tolmetin|Auranofin","TP53,NFKBIA",12|1,26988347,Cilostazol associated with lower bleeding risk than  LDA for post ischemic stroke treatment
Menadione,Prevents,Hemorrhage,"Quinine|Fondaparinux sodium,Cephalexin,Ampicillin,Heparin,Lauric Acid,Desflurane,Tacrolimus,Edoxaban,Cefotetan,Tetracycline,Hyaluronidase,Methyltestosterone,Ceftriaxone,Cefotaxime,Oxymetholone,Clonazepam,Acitretin,Methotrexate,Vancomycin,Vandetanib,Sevoflurane,Naproxen,Enoxaparin,Cefazolin,Fosphenytoin,Ketoprofen,Rivaroxaban,Flurbiprofen,Bismuth Subsalicylate,Auranofin,Piroxicam,Prednisone,Salicylic acid,Fenoprofen,Diflunisal","F9,F7",1|44,30036601,Treats hemmorrhagic diseases with vitamin K deficiency
Mesalamine,Unclear,Hemorrhage,"Glucosamine,Auranofin",CHUK,3,26347453,"Compared to Mesalamine, Huangqin-Tang decoction had improved effects on bleeding in IBD patients."
Plasmin,Activates,Hemorrhage,"Glucosamine,Auranofin",CHUK,3,29729197,Excessive plasmin activity and subsequent ECM degradation cause hepatic sinusoidal fragility and hemorrhage in developing embryos
Plasmin,Activates,Hemorrhage,"Glucosamine,Auranofin",CHUK,3,30253023,A plasmin inhibitor is used to treat hemorrhage
Recombinant urokinase,Activates,Hemorrhage,"Tenecteplase,Alteplase,Reteplase,Aprotinin",PLAU,13,28283876,serine protease purified from Lumbrineris nipponica had greater fibrinolytic activity than urokinase
Sirolimus,Activates,Hemorrhage,"Thalidomide,Pazopanib,Ponatinib,Sorafenib,Regorafenib,Dasatinib",FGF2,9,29527996,Caused alveolar hemorrhage in renal transplant patients.
Sirolimus,Activates,Hemorrhage,"Thalidomide,Pazopanib,Ponatinib,Sorafenib,Regorafenib,Dasatinib",FGF2,9,29571951,"Used to manage deep thrombocytopenia, sirolimus seems efficient in hemorrhagic complications refractory to usual treatment (compared to heparin)"
Sirolimus,Activates,Hemorrhage,"Thalidomide,Pazopanib,Ponatinib,Sorafenib,Regorafenib,Dasatinib",FGF2,9,30070028,Sirolimus  was effective in hemostatic complications such as thrombocytopenia
Sirolimus,Prevents,Hemorrhage,"Thalidomide,Pazopanib,Ponatinib,Sorafenib,Regorafenib,Dasatinib",FGF2,9,27820137,"Recently, sirolimus was demonstrated to be effective in treating vascular lesions and lessening the frequency of bleeding and secondary iron deficiency anemia"
Sirolimus,Activates,Hemorrhage,"Thalidomide,Pazopanib,Ponatinib,Sorafenib,Regorafenib,Dasatinib",FGF2,9,26849007,"Sirolimus has side effects on lugs, and may cause  […] diffuse alveolar hemorrhage […]"
Sirolimus,Prevents,Hemorrhage,"Thalidomide,Pazopanib,Ponatinib,Sorafenib,Regorafenib,Dasatinib",FGF2,9,26037126,"(In malraia), Treatment with rapamycin increased survival, blocked breakdown of the blood-brain barrier and brain hemorrhaging, "
Sucralfate,Prevents,Hemorrhage,"Tenecteplase,Alteplase,Eptifibatide,Abciximab,Tirofiban,Ponatinib,Reteplase,Nintedanib,Dasatinib|Tenecteplase,Alteplase,Eptifibatide,Abciximab,Tirofiban,Ponatinib,Reteplase,Nintedanib,Dasatinib|Thalidomide,Pazopanib,Ponatinib,Sorafenib,Regorafenib,Dasatinib","FGB,FGG,FGF2",31|31|9,24101202,sucralfate enemas used to treat rectal bleeding
Sucralfate,Unclear,Hemorrhage,"Tenecteplase,Alteplase,Eptifibatide,Abciximab,Tirofiban,Ponatinib,Reteplase,Nintedanib,Dasatinib|Tenecteplase,Alteplase,Eptifibatide,Abciximab,Tirofiban,Ponatinib,Reteplase,Nintedanib,Dasatinib|Thalidomide,Pazopanib,Ponatinib,Sorafenib,Regorafenib,Dasatinib","FGB,FGG,FGF2",31|31|9,23739571,Antacid reduces bleeding relative to sucralate
Sucralfate,Unclear,Hemorrhage,"Tenecteplase,Alteplase,Eptifibatide,Abciximab,Tirofiban,Ponatinib,Reteplase,Nintedanib,Dasatinib|Tenecteplase,Alteplase,Eptifibatide,Abciximab,Tirofiban,Ponatinib,Reteplase,Nintedanib,Dasatinib|Thalidomide,Pazopanib,Ponatinib,Sorafenib,Regorafenib,Dasatinib","FGB,FGG,FGF2",31|31|9,23006660,Sucralate didn't affect clinical outcome in hemorrhagic radiation proctitis
Thrombomodulin alfa,Activates,Hemorrhage,"Dabigatran etexilate,Sevoflurane,Desflurane,Bivalirudin,Methotrexate",F5,7,30067306,Recombinant human soluble thrombomodulin (ART-123) is an anticoagulant 
Thrombomodulin alfa,Activates,Hemorrhage,"Dabigatran etexilate,Sevoflurane,Desflurane,Bivalirudin,Methotrexate",F5,7,28229162,Recombinant human soluble thrombomodulin (ART-123) is a novel anticoagulant for patients
Tinzaparin,Activates,Hemorrhage,"Prasugrel,Risperidone,Pentoxifylline,Ketoprofen,Quetiapine,Olanzapine,Aripiprazole",CXCL12,8,30099852,Is an anticoagulant not associated with major bleeding
Tinzaparin,Activates,Hemorrhage,"Prasugrel,Risperidone,Pentoxifylline,Ketoprofen,Quetiapine,Olanzapine,Aripiprazole",CXCL12,8,29088922,Tinzaparin decreases occurrence of venous thromboembolism 
Tinzaparin,Activates,Hemorrhage,"Prasugrel,Risperidone,Pentoxifylline,Ketoprofen,Quetiapine,Olanzapine,Aripiprazole",CXCL12,8,26284719,Reduced clinically-relevant bleeding compared to Warfarin
Adenosine triphosphate,Activates,Hypertension,"Pimozide,Promethazine,Fluphenazine,Perphenazine,Vandetanib|Iloprost","AKT1,ADCY1",17|1,25158061,increase in sympathetic activity in hypertensive arteries is occurring due to a higher noradrenaline/ATP release
Ambrisentan,Inhibits,Hypertension,"Ziprasidone,Clozapine,Loxapine,Tramadol,Degarelix,Conivaptan,Amitriptyline,Bromocriptine,Dextroamphetamine,Maprotiline,Paliperidone,Solifenacin,Cyclobenzaprine,Lurasidone,Doxepin,Phenylephrine,Pergolide,Trihexyphenidyl,Ipratropium bromide,Terazosin,Leuprolide,Ropinirole,Oxymetazoline,Cyclopentolate,Darifenacin,Haloperidol,Cabergoline,Cetirizine,Clonidine,Naphazoline,Propantheline,Histamine,Escitalopram,Losartan,Asenapine,Clemastine,Nortriptyline,Desipramine,Hyoscyamine,Bivalirudin,Risperidone,Protirelin,Eletriptan,Isometheptene,Amoxapine,Epinephrine,Cevimeline,Tiotropium,Dihydroergotamine,Dexamethasone,Droperidol,Ergotamine,Carbinoxamine,Paroxetine,Cinacalcet,Succinylcholine,Diphenhydramine,Pramipexole,Atropine,Donepezil,Brompheniramine,Apraclonidine,Modafinil,Goserelin,Triprolidine,Lisdexamfetamine,Pilocarpine,Acamprosate,Phentolamine,Citalopram,Triptorelin,Droxidopa,Midodrine,Imipramine,Ephedrine,Scopolamine,Trazodone,Metoclopramide,Nefazodone,Quetiapine,Dicyclomine,Mirtazapine,Pseudoephedrine,Olanzapine,Aripiprazole,Cyproheptadine,Azelastine,Trimipramine,Promethazine,Oxybutynin|Ziprasidone,Clozapine,Loxapine,Tramadol,Degarelix,Conivaptan,Amitriptyline,Bromocriptine,Dextroamphetamine,Maprotiline,Paliperidone,Solifenacin,Cyclobenzaprine,Lurasidone,Doxepin,Phenylephrine,Pergolide,Trihexyphenidyl,Ipratropium bromide,Terazosin,Leuprolide,Oxymetazoline,Ropinirole,Cyclopentolate,Darifenacin,Haloperidol,Cabergoline,Cetirizine,Clonidine,Naphazoline,Propantheline,Histamine,Escitalopram,Losartan,Asenapine,Clemastine,Nortriptyline,Desipramine,Hyoscyamine,Bivalirudin,Risperidone,Protirelin,Eletriptan,Isometheptene,Amoxapine,Epinephrine,Cevimeline,Tiotropium,Dihydroergotamine,Dexamethasone,Droperidol,Ergotamine,Carbinoxamine,Paroxetine,Cinacalcet,Diphenhydramine,Succinylcholine,Pramipexole,Atropine,Donepezil,Brompheniramine,Apraclonidine,Modafinil,Goserelin,Lisdexamfetamine,Triprolidine,Pilocarpine,Acamprosate,Phentolamine,Triptorelin,Citalopram,Droxidopa,Midodrine,Imipramine,Ephedrine,Scopolamine,Trazodone,Metoclopramide,Nefazodone,Quetiapine,Dicyclomine,Olanzapine,Pseudoephedrine,Mirtazapine,Aripiprazole,Cyproheptadine,Azelastine,Trimipramine,Promethazine,Oxybutynin","EDNRA,EDNRB",458|335,24312841,Ambrisentan (ABS) is an antihypertensive drug
"Antihemophilic factor, human recombinant",unclear,Hypertension,"Tenecteplase,Nintedanib",VWF,2,25750937,
Glutathione,not-related,Hypertension,"Ziprasidone,Almotriptan,Ondansetron,Modafinil,Rotigotine,Clozapine,Progesterone,Epinephrine,Citalopram,Amitriptyline,Imipramine,Clonidine,Pimozide,Olanzapine,Cyclobenzaprine,Perphenazine,Cinacalcet,Azelastine,Losartan,Propranolol,Asenapine,Desipramine|Ziprasidone,Almotriptan,Ondansetron,Modafinil,Rotigotine,Clozapine,Progesterone,Epinephrine,Citalopram,Amitriptyline,Imipramine,Clonidine,Pimozide,Olanzapine,Cyclobenzaprine,Perphenazine,Cinacalcet,Azelastine,Losartan,Propranolol,Asenapine,Desipramine|Ketamine,Ziprasidone,Almotriptan,Ondansetron,Modafinil,Rotigotine,Clozapine,Fluphenazine,Salmeterol,Tramadol,Buspirone,Dopamine,Zolmitriptan,Frovatriptan,Darifenacin,Eletriptan,Sufentanil,Progesterone,Conivaptan,Epinephrine,Citalopram,Hydrocodone,Cevimeline,Tiotropium,Amitriptyline,Imipramine,Fentanyl,Hydromorphone,Oxycodone,Codeine,Dexamethasone,Clonidine,Rizatriptan,Pimozide,Brompheniramine,Trazodone,Carbinoxamine,Paroxetine,Quetiapine,Dronabinol,Dextromethorphan,Olanzapine,Aripiprazole,Cyclobenzaprine,Perphenazine,Cinacalcet,Diphenhydramine,Tizanidine,Histamine,Escitalopram,Mirabegron,Donepezil,Azelastine,Losartan,Phenylephrine,Propranolol,Oxymorphone,Asenapine,Ticagrelor,Oxybutynin,Clemastine,Morphine,Desipramine,Ipratropium bromide","MGST1,MGST2,MGST3",22|22|64,27752105,
Glutathione,not-related,Hypertension,"Ziprasidone,Almotriptan,Ondansetron,Modafinil,Rotigotine,Clozapine,Progesterone,Epinephrine,Citalopram,Amitriptyline,Imipramine,Clonidine,Pimozide,Olanzapine,Cyclobenzaprine,Perphenazine,Cinacalcet,Azelastine,Losartan,Propranolol,Asenapine,Desipramine|Ziprasidone,Almotriptan,Ondansetron,Modafinil,Rotigotine,Clozapine,Progesterone,Epinephrine,Citalopram,Amitriptyline,Imipramine,Clonidine,Pimozide,Olanzapine,Cyclobenzaprine,Perphenazine,Cinacalcet,Azelastine,Losartan,Propranolol,Asenapine,Desipramine|Ketamine,Ziprasidone,Almotriptan,Ondansetron,Modafinil,Rotigotine,Clozapine,Fluphenazine,Salmeterol,Tramadol,Buspirone,Dopamine,Zolmitriptan,Frovatriptan,Darifenacin,Eletriptan,Sufentanil,Progesterone,Conivaptan,Epinephrine,Citalopram,Hydrocodone,Cevimeline,Tiotropium,Amitriptyline,Imipramine,Fentanyl,Hydromorphone,Oxycodone,Codeine,Dexamethasone,Clonidine,Rizatriptan,Pimozide,Brompheniramine,Trazodone,Carbinoxamine,Paroxetine,Quetiapine,Dronabinol,Dextromethorphan,Olanzapine,Aripiprazole,Cyclobenzaprine,Perphenazine,Cinacalcet,Diphenhydramine,Tizanidine,Histamine,Escitalopram,Mirabegron,Donepezil,Azelastine,Losartan,Phenylephrine,Propranolol,Oxymorphone,Asenapine,Ticagrelor,Oxybutynin,Clemastine,Morphine,Desipramine,Ipratropium bromide","MGST1,MGST2,MGST3",22|22|64,23219737,
Hydrochlorothiazide,Prevents,Hypertension,"Ziprasidone,Terazosin,Modafinil,Oxymetazoline,Clozapine,Loxapine,Iloprost,Lisdexamfetamine,Cabergoline,Epinephrine,Amitriptyline,Bromocriptine,Midodrine,Imipramine,Droxidopa,Clonidine,Ergotamine,Dextroamphetamine,Nefazodone,Quetiapine,Paliperidone,Olanzapine,Aripiprazole,Doxepin,Mirabegron,Phenylephrine,Trimipramine,Losartan,Nortriptyline",KCNMA1,46,25816110,a 50-mg losartan/12.5-mg hydrochlorothiazide combination (Los/HCTZ) lowered morning blood pressure (BP) more effectively than 100-mg losartan (High-Los) in treated hypertensive patients with morning hypertension.
Levothyroxine,not-related,Hypertension,"Amitriptyline,Losartan,Olanzapine,Mirabegron",TTR,4,24708347,
Oxytocin measurement,unclear,Hypertension,"Ziprasidone,Terazosin,Apraclonidine,Leuprolide,Modafinil,Ropinirole,Clozapine,Loxapine,Tramadol,Degarelix,Cyclopentolate,Triprolidine,Darifenacin,Lisdexamfetamine,Protirelin,Eletriptan,Isometheptene,Acamprosate,Phentolamine,Conivaptan,Cabergoline,Amoxapine,Epinephrine,Citalopram,Triptorelin,Cevimeline,Amitriptyline,Tiotropium,Imipramine,Bromocriptine,Brompheniramine,Midodrine,Cetirizine,Clonidine,Droperidol,Scopolamine,Ergotamine,Ephedrine,Naphazoline,Propantheline,Trazodone,Dextroamphetamine,Maprotiline,Paroxetine,Quetiapine,Nefazodone,Paliperidone,Mirtazapine,Olanzapine,Cyclobenzaprine,Aripiprazole,Pseudoephedrine,Pramipexole,Diphenhydramine,Cinacalcet,Histamine,Cyproheptadine,Doxepin,Escitalopram,Donepezil,Azelastine,Trimipramine,Losartan,Phenylephrine,Carbinoxamine,Promethazine,Asenapine,Pergolide,Oxybutynin,Clemastine,Nortriptyline,Desipramine,Ipratropium bromide|Ziprasidone,Terazosin,Apraclonidine,Leuprolide,Modafinil,Ropinirole,Bivalirudin,Clozapine,Loxapine,Tramadol,Degarelix,Cyclopentolate,Triprolidine,Darifenacin,Lisdexamfetamine,Protirelin,Eletriptan,Isometheptene,Acamprosate,Phentolamine,Conivaptan,Cabergoline,Amoxapine,Epinephrine,Citalopram,Triptorelin,Cevimeline,Amitriptyline,Tiotropium,Imipramine,Bromocriptine,Brompheniramine,Midodrine,Cetirizine,Dexamethasone,Clonidine,Droperidol,Scopolamine,Ergotamine,Ephedrine,Naphazoline,Propantheline,Trazodone,Dextroamphetamine,Maprotiline,Paroxetine,Quetiapine,Nefazodone,Paliperidone,Mirtazapine,Olanzapine,Cyclobenzaprine,Aripiprazole,Pseudoephedrine,Pramipexole,Diphenhydramine,Cinacalcet,Histamine,Cyproheptadine,Doxepin,Escitalopram,Donepezil,Azelastine,Trimipramine,Losartan,Phenylephrine,Carbinoxamine,Promethazine,Asenapine,Pergolide,Oxybutynin,Clemastine,Nortriptyline,Desipramine,Ipratropium bromide","OXT,OXTR",96|98,24598461,
Suramin,Activates,Hypertension,"Ziprasidone,Rotigotine,Regadenoson,Ondansetron,Ropinirole,Mefloquine,Timolol,Clozapine,Fluphenazine,Salmeterol,Loxapine,Iloprost,Methamphetamine,Dopamine,Adenosine,Haloperidol,Eletriptan,Indacaterol,Metoprolol,Teriparatide,Conivaptan,Levodopa,Cabergoline,Amphetamine,Amoxapine,Epinephrine,Tesamorelin,Amitriptyline,Bromocriptine,Droxidopa,Imipramine,Terbutaline,Arformoterol,Metipranolol,Sotalol,Dextroamphetamine,Maprotiline,Metoclopramide,Quetiapine,Paliperidone,Olanzapine,Aripiprazole,Pseudoephedrine,Mirtazapine,Lurasidone,Perphenazine,Pramipexole,Histamine,Formoterol,Doxepin,Mirabegron,Propranolol,Asenapine,Famotidine,Nortriptyline,Ranitidine,Desipramine|Ziprasidone,Clozapine,Loxapine,Tramadol,Degarelix,Conivaptan,Amitriptyline,Bromocriptine,Dextroamphetamine,Maprotiline,Paliperidone,Solifenacin,Cyclobenzaprine,Lurasidone,Doxepin,Phenylephrine,Pergolide,Ipratropium bromide,Terazosin,Leuprolide,Ropinirole,Oxymetazoline,Cyclopentolate,Darifenacin,Haloperidol,Cabergoline,Cetirizine,Clonidine,Naphazoline,Propantheline,Histamine,Escitalopram,Losartan,Asenapine,Clemastine,Nortriptyline,Desipramine,Hyoscyamine,Bivalirudin,Protirelin,Eletriptan,Isometheptene,Amoxapine,Epinephrine,Cevimeline,Tiotropium,Dihydroergotamine,Dexamethasone,Droperidol,Ergotamine,Carbinoxamine,Paroxetine,Pramipexole,Diphenhydramine,Succinylcholine,Cinacalcet,Atropine,Donepezil,Brompheniramine,Apraclonidine,Modafinil,Lisdexamfetamine,Triprolidine,Pilocarpine,Acamprosate,Phentolamine,Citalopram,Triptorelin,Droxidopa,Midodrine,Imipramine,Ephedrine,Scopolamine,Trazodone,Nefazodone,Metoclopramide,Quetiapine,Dicyclomine,Mirtazapine,Olanzapine,Aripiprazole,Pseudoephedrine,Cyproheptadine,Azelastine,Trimipramine,Promethazine,Oxybutynin","FSHR,P2RY2",101|159,27251093,"Suramin-induced programmed hypertension was associated with increased plasma asymmetric dimethylarginine (ADMA, an NO synthase inhibitor) level, decreased plasma l-arginine-to-ADMA ratio, and decreased renal dimethylarginine dimethylaminohydrolase (an ADMA-metabolizing enzyme) activity. "
Alitretinoin,Unclear,Hyperlipidemia,Isotretinoin,CRABP2,1,30227880,Co-occurrence in the sentence not related to the effect on the DME.
Aspartic acid,Induces,Hyperlipidemia,"Fluoxetine,Ziprasidone,Zidovudine,Prasugrel,Testosterone,Tacrolimus,Propofol,Estradiol,Methotrexate,Lidocaine,Propafenone,Quetiapine,Olanzapine,Aripiprazole,Tofacitinib,Saquinavir,Valsartan,Warfarin",SLC25A13,18,25431414,Mice treated with ASP showed higher levels of blood lipids.
Aspartic acid,Unclear,Hyperlipidemia,"Fluoxetine,Ziprasidone,Zidovudine,Prasugrel,Testosterone,Tacrolimus,Propofol,Estradiol,Methotrexate,Lidocaine,Propafenone,Quetiapine,Olanzapine,Aripiprazole,Tofacitinib,Saquinavir,Valsartan,Warfarin",SLC25A13,18,28610914,Article doesn't mention aspartic acid
Dronabinol,Prevents,Hyperlipidemia,"Ziprasidone,Prasugrel,Menthol,Gabapentin,Quetiapine,Olanzapine,Aripiprazole,Glycine,Pramipexole,Memantine|Ziprasidone,Quetiapine,Olanzapine,Aripiprazole","CNR1,CNR2",10|4,23845579,These results indicate that Δ(9)-THC may serve a protective role against hyperlipidemia and hyperglycemia in diabetic rats.
Ephedra intermedia stem,Prevents,Hyperlipidemia,"Ziprasidone,Prasugrel,Menthol,Gabapentin,Quetiapine,Olanzapine,Aripiprazole,Glycine,Pramipexole,Memantine|Ziprasidone,Quetiapine,Olanzapine,Aripiprazole","CNR1,CNR2",10|4,25574244,ephedra non-alkaloids have therapeutic potential for the treatment of hyperlipidemia
Epinephrine,Unclear,Hyperlipidemia,"Betaxolol,Ziprasidone,Sotalol,Quetiapine,Olanzapine,Aripiprazole,Bisoprolol,Pramipexole,Arformoterol",ADRB3,9,27904529,Article seems unrelated.
Isoproterenol,Induces,Hyperlipidemia,"Betaxolol,Ziprasidone,Sotalol,Quetiapine,Olanzapine,Aripiprazole,Bisoprolol,Pramipexole,Arformoterol",ADRB3,9,25558849,
Tretinoin,Induces,Hyperlipidemia,Isotretinoin,CRABP2,1,25403085,"The administration of ATRA is accompanied by variety of adverse metabolic effects, particularly by the induction of hyperlipidemia"
Tretinoin,Induces,Hyperlipidemia,Isotretinoin,CRABP2,1,24234421,development of hyperlipidemia in acne patients treated with retinoic acid (RA)
Adenosine triphosphate,Prevents,Myocardial Infarction,"Celecoxib,Nicardipine,Perphenazine",AKT1,3,27698693,Infarct size was smaller in rabbits treated with ATP following ischemia.
Adenosine triphosphate,Not Related,Myocardial Infarction,"Celecoxib,Nicardipine,Perphenazine",AKT1,3,24645834,Studied adenosine triphosphate (ATP)-sensitive potassium channel (KATP) opener in phase-2 myocardial infarction (MI) hearts.
Adenosine triphosphate,Not Related,Myocardial Infarction,"Celecoxib,Nicardipine,Perphenazine",AKT1,3,27723532,
Adenosine triphosphate,Indirect,Myocardial Infarction,"Celecoxib,Nicardipine,Perphenazine",AKT1,3,28120943,Melatonin increased ATP production and reduced MI injury. 
Adenosine triphosphate,Indirect,Myocardial Infarction,"Celecoxib,Nicardipine,Perphenazine",AKT1,3,25713305,ATP was reduced in muscles affected by MI injury.
Adenosine triphosphate,Indirect,Myocardial Infarction,"Celecoxib,Nicardipine,Perphenazine",AKT1,3,28392989,"S-post, which reduced mitochondrial ROS generation and increased mitochondrial ATP content, thereby reducing apoptosis and myocardial infarct size."
Adenosine triphosphate,Indirect,Myocardial Infarction,"Celecoxib,Nicardipine,Perphenazine",AKT1,3,25345742,"Sevoflurane post-conditioning significantly improved the heart function, decreased infarct size and mitochondria damage, and increased myocardial ATP"
Adenosine triphosphate,Indirect,Myocardial Infarction,"Celecoxib,Nicardipine,Perphenazine",AKT1,3,26431885,"We have observed that Bendavia, a mitochondrial-targeting peptide that binds the phospholipid cardiolipin and stabilizes the components of electron transport and ATP generation, improves cardiac function and prevents left ventricular remodeling in a 6week rat myocardial infarction (MI) model"
Aliskiren,Prevents,Myocardial Infarction,"Enalaprilat,Ramipril,Enalapril,Fosinopril,Trandolapril,Captopril,Lisinopril,Quinapril,Benazepril",REN,15,21884026,"In a hypertensive rat model that underwent experimental MI, EF, and LVEDP, key functional indices of heart failure, were improved by treatment with combination ACE and direct renin inhibition when compared with either agent used alone"
Aliskiren,Prevents,Myocardial Infarction,"Enalaprilat,Ramipril,Enalapril,Fosinopril,Trandolapril,Captopril,Lisinopril,Quinapril,Benazepril",REN,15,24342316,"Aliskiren ameliorated cardiomyocytic apoptosis, attenuated the sympathetic nerve innervations and reduced the vulnerability of ventricular arrhythmias after myocardial infarction"
Aspirin,Prevents,Myocardial Infarction,"Ibuprofen,Diclofenac,Piroxicam,Naproxen,Ketoprofen,Celecoxib,Sulindac,Salicylic acid,Fenoprofen,Flurbiprofen,Diflunisal|Leuprolide,Ropinirole,Risperidone,Clozapine,Tropicamide,Tramadol,Goserelin,Lisdexamfetamine,Pilocarpine,Eletriptan,Nicardipine,Phentolamine,Acamprosate,Nafarelin,Amoxapine,Epinephrine,Citalopram,Triptorelin,Amitriptyline,Bromocriptine,Imipramine,Irbesartan,Valsartan,Doxazosin,Dihydroergotamine,Dexamethasone,Clonidine,Telmisartan,Dextroamphetamine,Trazodone,Candesartan,Metoclopramide,Danazol,Maprotiline,Paroxetine,Mirtazapine,Aripiprazole,Olanzapine,Pseudoephedrine,Lurasidone,Cyclobenzaprine,Pramipexole,Diphenhydramine,Fenoldopam,Clomipramine,Atropine,Escitalopram,Phenylephrine,Trimipramine,Losartan,Donepezil,Olmesartan,Pergolide,Hydroxyzine,Nortriptyline,Disopyramide,Desipramine,Apomorphine,Histrelin","TP53,EDNRA",11|103,23831034,Aspirin reduces death and myocardial infarction
Aspirin,Prevents,Myocardial Infarction,"Ibuprofen,Diclofenac,Piroxicam,Naproxen,Ketoprofen,Celecoxib,Sulindac,Salicylic acid,Fenoprofen,Flurbiprofen,Diflunisal|Leuprolide,Ropinirole,Risperidone,Clozapine,Tropicamide,Tramadol,Goserelin,Lisdexamfetamine,Pilocarpine,Eletriptan,Nicardipine,Phentolamine,Acamprosate,Nafarelin,Amoxapine,Epinephrine,Citalopram,Triptorelin,Amitriptyline,Bromocriptine,Imipramine,Irbesartan,Valsartan,Doxazosin,Dihydroergotamine,Dexamethasone,Clonidine,Telmisartan,Dextroamphetamine,Trazodone,Candesartan,Metoclopramide,Danazol,Maprotiline,Paroxetine,Mirtazapine,Aripiprazole,Olanzapine,Pseudoephedrine,Lurasidone,Cyclobenzaprine,Pramipexole,Diphenhydramine,Fenoldopam,Clomipramine,Atropine,Escitalopram,Phenylephrine,Trimipramine,Losartan,Donepezil,Olmesartan,Pergolide,Hydroxyzine,Nortriptyline,Disopyramide,Desipramine,Apomorphine,Histrelin","TP53,EDNRA",11|103,27702830,The results presented in these studies suggest that preoperative aspirin administration in patients undergoing CABG has a significant benefit in reducing the incidence of perioperative MI
Aspirin,Prevents,Myocardial Infarction,"Ibuprofen,Diclofenac,Piroxicam,Naproxen,Ketoprofen,Celecoxib,Sulindac,Salicylic acid,Fenoprofen,Flurbiprofen,Diflunisal|Leuprolide,Ropinirole,Risperidone,Clozapine,Tropicamide,Tramadol,Goserelin,Lisdexamfetamine,Pilocarpine,Eletriptan,Nicardipine,Phentolamine,Acamprosate,Nafarelin,Amoxapine,Epinephrine,Citalopram,Triptorelin,Amitriptyline,Bromocriptine,Imipramine,Irbesartan,Valsartan,Doxazosin,Dihydroergotamine,Dexamethasone,Clonidine,Telmisartan,Dextroamphetamine,Trazodone,Candesartan,Metoclopramide,Danazol,Maprotiline,Paroxetine,Mirtazapine,Aripiprazole,Olanzapine,Pseudoephedrine,Lurasidone,Cyclobenzaprine,Pramipexole,Diphenhydramine,Fenoldopam,Clomipramine,Atropine,Escitalopram,Phenylephrine,Trimipramine,Losartan,Donepezil,Olmesartan,Pergolide,Hydroxyzine,Nortriptyline,Disopyramide,Desipramine,Apomorphine,Histrelin","TP53,EDNRA",11|103,28515767,Aspirin is one of the certified medicines commonly used for the secondary prevention of myocardial infarction (MI).
Axitinib,Prevents,Myocardial Infarction,Dasatinib,KDR,1,29079346,"Overall cardiac function was improved in axitinib-treated animals. Moreover, the number of animals with myocardial infarction was decreased by 40%"
Bivalirudin,Prevents,Myocardial Infarction,"Fondaparinux sodium,Leuprolide,Heparin,Ropinirole,Risperidone,Clozapine,Tropicamide,Tramadol,Goserelin,Lisdexamfetamine,Pilocarpine,Eletriptan,Nicardipine,Phentolamine,Acamprosate,Nafarelin,Amoxapine,Epinephrine,Citalopram,Triptorelin,Amitriptyline,Bromocriptine,Imipramine,Irbesartan,Valsartan,Doxazosin,Dihydroergotamine,Clonidine,Telmisartan,Dextroamphetamine,Trazodone,Candesartan,Metoclopramide,Danazol,Maprotiline,Paroxetine,Mirtazapine,Aripiprazole,Olanzapine,Pseudoephedrine,Lurasidone,Cyclobenzaprine,Pramipexole,Diphenhydramine,Fenoldopam,Clomipramine,Atropine,Escitalopram,Phenylephrine,Trimipramine,Losartan,Donepezil,Olmesartan,Pergolide,Tinzaparin,Hydroxyzine,Nortriptyline,Disopyramide,Desipramine,Apomorphine,Histrelin",F2,116,25138183,Patients receiving bivalirudin during RA showed significantly less periprocedural MI and fewer ASB compared to patients treated with UFH
Bivalirudin,Prevents,Myocardial Infarction,"Fondaparinux sodium,Leuprolide,Heparin,Ropinirole,Risperidone,Clozapine,Tropicamide,Tramadol,Goserelin,Lisdexamfetamine,Pilocarpine,Eletriptan,Nicardipine,Phentolamine,Acamprosate,Nafarelin,Amoxapine,Epinephrine,Citalopram,Triptorelin,Amitriptyline,Bromocriptine,Imipramine,Irbesartan,Valsartan,Doxazosin,Dihydroergotamine,Clonidine,Telmisartan,Dextroamphetamine,Trazodone,Candesartan,Metoclopramide,Danazol,Maprotiline,Paroxetine,Mirtazapine,Aripiprazole,Olanzapine,Pseudoephedrine,Lurasidone,Cyclobenzaprine,Pramipexole,Diphenhydramine,Fenoldopam,Clomipramine,Atropine,Escitalopram,Phenylephrine,Trimipramine,Losartan,Donepezil,Olmesartan,Pergolide,Tinzaparin,Hydroxyzine,Nortriptyline,Disopyramide,Desipramine,Apomorphine,Histrelin",F2,116,28833456,"In patient undergoing aortic valve interventions, no difference was seen between the use of bivalirudin and heparin as the procedural anticoagulant agent, except for a significant lower myocardial infarction events when bivalirudin was used."
Caffeine,Prevents,Myocardial Infarction,"Celecoxib,Dasatinib|Celecoxib,Dasatinib|Celecoxib,Amitriptyline,Dasatinib|Desflurane,Tacrolimus,Estradiol,Hyaluronidase,Methyltestosterone,Naloxone,Fluoxetine,Testosterone,Abiraterone,Celecoxib,Amitriptyline,Sulindac,Valsartan,Repaglinide,Diclofenac,Naproxen,Captopril,Ketoprofen,Olanzapine,Flurbiprofen,Clomipramine,Ibuprofen,Piroxicam,Losartan,Prednisone,Estrone,Salicylic acid,Fenoprofen,Nortriptyline,Diflunisal","PIK3CA,PIK3CD,PIK3CB,ATM",2|2|3|30,29927970,Caffeine also reduces infarct size after myocardial infarction in prediabetic mice and increases mitochondrial p27.
Cangrelor,Prevents,Myocardial Infarction,"Almotriptan,Ropinirole,Maraviroc,Risperidone,Clozapine,Tropicamide,Tramadol,Adenosine,Zolmitriptan,Naloxone,Frovatriptan,Pilocarpine,Eletriptan,Nicardipine,Progesterone,Nalbuphine,Levodopa,Amphetamine,Amoxapine,Amitriptyline,Bromocriptine,Imipramine,Fentanyl,Dihydroergotamine,Pindolol,Dexamethasone,Pentazocine,Rizatriptan,Octreotide,Trazodone,Ketoprofen,Metoclopramide,Maprotiline,Paroxetine,Mirtazapine,Aripiprazole,Olanzapine,Lurasidone,Perphenazine,Pramipexole,Pasireotide,Memantine,Sumatriptan,Diphenhydramine,Naratriptan,Atropine,Trimipramine,Propranolol,Menthol,Pergolide,Tinzaparin,Gabapentin,Nortriptyline,Disopyramide,Desipramine,Apomorphine",P2RY12,95,27482008,Cangrelor compared with clopidogrel significantly reduces MI regardless of the definition
Cangrelor,Prevents,Myocardial Infarction,"Almotriptan,Ropinirole,Maraviroc,Risperidone,Clozapine,Tropicamide,Tramadol,Adenosine,Zolmitriptan,Naloxone,Frovatriptan,Pilocarpine,Eletriptan,Nicardipine,Progesterone,Nalbuphine,Levodopa,Amphetamine,Amoxapine,Amitriptyline,Bromocriptine,Imipramine,Fentanyl,Dihydroergotamine,Pindolol,Dexamethasone,Pentazocine,Rizatriptan,Octreotide,Trazodone,Ketoprofen,Metoclopramide,Maprotiline,Paroxetine,Mirtazapine,Aripiprazole,Olanzapine,Lurasidone,Perphenazine,Pramipexole,Pasireotide,Memantine,Sumatriptan,Diphenhydramine,Naratriptan,Atropine,Trimipramine,Propranolol,Menthol,Pergolide,Tinzaparin,Gabapentin,Nortriptyline,Disopyramide,Desipramine,Apomorphine",P2RY12,95,25703887,"At 48 h, the primary endpoint of death, myocardial infarction, ischemia-driven revascularization, or stent thrombosis was lower with cangrelor versus clopidogrel"
Clopidogrel,Prevents,Myocardial Infarction,"Almotriptan,Ropinirole,Maraviroc,Risperidone,Clozapine,Tropicamide,Tramadol,Adenosine,Zolmitriptan,Naloxone,Frovatriptan,Pilocarpine,Eletriptan,Nicardipine,Progesterone,Nalbuphine,Levodopa,Amphetamine,Amoxapine,Amitriptyline,Bromocriptine,Imipramine,Fentanyl,Dihydroergotamine,Pindolol,Dexamethasone,Pentazocine,Rizatriptan,Octreotide,Trazodone,Ketoprofen,Metoclopramide,Maprotiline,Paroxetine,Mirtazapine,Aripiprazole,Olanzapine,Lurasidone,Perphenazine,Pramipexole,Pasireotide,Memantine,Sumatriptan,Diphenhydramine,Naratriptan,Atropine,Trimipramine,Propranolol,Menthol,Pergolide,Tinzaparin,Gabapentin,Nortriptyline,Disopyramide,Desipramine,Apomorphine",P2RY12,95,25146707,"During a 1-year follow-up, after MI, clopidogrel was associated with improved outcomes in patients with non-end-stage CKD."
Clopidogrel,Prevents,Myocardial Infarction,"Almotriptan,Ropinirole,Maraviroc,Risperidone,Clozapine,Tropicamide,Tramadol,Adenosine,Zolmitriptan,Naloxone,Frovatriptan,Pilocarpine,Eletriptan,Nicardipine,Progesterone,Nalbuphine,Levodopa,Amphetamine,Amoxapine,Amitriptyline,Bromocriptine,Imipramine,Fentanyl,Dihydroergotamine,Pindolol,Dexamethasone,Pentazocine,Rizatriptan,Octreotide,Trazodone,Ketoprofen,Metoclopramide,Maprotiline,Paroxetine,Mirtazapine,Aripiprazole,Olanzapine,Lurasidone,Perphenazine,Pramipexole,Pasireotide,Memantine,Sumatriptan,Diphenhydramine,Naratriptan,Atropine,Trimipramine,Propranolol,Menthol,Pergolide,Tinzaparin,Gabapentin,Nortriptyline,Disopyramide,Desipramine,Apomorphine",P2RY12,95,24172891,"The current standard of antiplatelet therapy of patients after myocardial infarction includes the P2Y12 receptor antagonists clopidogrel, prasugrel or ticagrelor."
Dabigatran etexilate,Activates,Myocardial Infarction,"Fondaparinux sodium,Leuprolide,Heparin,Ropinirole,Risperidone,Clozapine,Tropicamide,Tramadol,Goserelin,Lisdexamfetamine,Pilocarpine,Eletriptan,Nicardipine,Phentolamine,Acamprosate,Nafarelin,Amoxapine,Epinephrine,Citalopram,Triptorelin,Amitriptyline,Bromocriptine,Imipramine,Irbesartan,Valsartan,Doxazosin,Dihydroergotamine,Clonidine,Telmisartan,Dextroamphetamine,Trazodone,Candesartan,Metoclopramide,Danazol,Maprotiline,Paroxetine,Mirtazapine,Aripiprazole,Olanzapine,Pseudoephedrine,Lurasidone,Cyclobenzaprine,Pramipexole,Diphenhydramine,Fenoldopam,Clomipramine,Atropine,Escitalopram,Phenylephrine,Trimipramine,Losartan,Donepezil,Olmesartan,Pergolide,Tinzaparin,Hydroxyzine,Nortriptyline,Disopyramide,Desipramine,Apomorphine,Histrelin",F2,116,24906369,This meta-analysis provides evidence that dabigatran etexilate is associated with a significantly increased risk of MI.
Dabigatran etexilate,Activates,Myocardial Infarction,"Fondaparinux sodium,Leuprolide,Heparin,Ropinirole,Risperidone,Clozapine,Tropicamide,Tramadol,Goserelin,Lisdexamfetamine,Pilocarpine,Eletriptan,Nicardipine,Phentolamine,Acamprosate,Nafarelin,Amoxapine,Epinephrine,Citalopram,Triptorelin,Amitriptyline,Bromocriptine,Imipramine,Irbesartan,Valsartan,Doxazosin,Dihydroergotamine,Clonidine,Telmisartan,Dextroamphetamine,Trazodone,Candesartan,Metoclopramide,Danazol,Maprotiline,Paroxetine,Mirtazapine,Aripiprazole,Olanzapine,Pseudoephedrine,Lurasidone,Cyclobenzaprine,Pramipexole,Diphenhydramine,Fenoldopam,Clomipramine,Atropine,Escitalopram,Phenylephrine,Trimipramine,Losartan,Donepezil,Olmesartan,Pergolide,Tinzaparin,Hydroxyzine,Nortriptyline,Disopyramide,Desipramine,Apomorphine,Histrelin",F2,116,29801762,"This meta-analysis confirms a low risk of MI in patients exposed to dabigatran, which seems to be validated when pooling over 580,000 patients from RCTs and real-world studies."
Dinoprostone,Prevents,Myocardial Infarction,"Epinephrine,Propranolol|Almotriptan,Ropinirole,Risperidone,Clozapine,Tropicamide,Tramadol,Zolmitriptan,Naloxone,Frovatriptan,Eletriptan,Nicardipine,Nalbuphine,Amitriptyline,Bromocriptine,Imipramine,Fentanyl,Dihydroergotamine,Pentazocine,Rizatriptan,Maprotiline,Paroxetine,Olanzapine,Aripiprazole,Pramipexole,Sumatriptan,Naratriptan,Atropine,Trimipramine,Pergolide,Nortriptyline,Desipramine,Apomorphine|Ropinirole,Risperidone,Clozapine,Goserelin,Adenosine,Eletriptan,Amoxapine,Epinephrine,Amitriptyline,Bromocriptine,Imipramine,Pindolol,Dextroamphetamine,Metoclopramide,Maprotiline,Pseudoephedrine,Aripiprazole,Mirtazapine,Olanzapine,Lurasidone,Perphenazine,Pramipexole,Fenoldopam,Propranolol,Pergolide,Nortriptyline,Desipramine,Apomorphine|Aripiprazole,Clomipramine,Desipramine,Ropinirole,Trimipramine,Risperidone,Amoxapine,Clozapine,Trazodone,Pergolide,Maprotiline,Mirtazapine,Bromocriptine,Olanzapine,Imipramine,Nortriptyline,Amitriptyline,Pramipexole,Apomorphine","PTGER4,PTGER3,PTGER2,PTGER1",4|47|30|38,28256515,"Thus, the PGE2/Ep3 axis promotes cardiac healing after MI by activating reparative Ly6Clow Mos/Mps, indicating that Ep3 receptor activation may be a promising therapeutic target for acute MI."
Dronabinol,Prevents,Myocardial Infarction,"Almotriptan,Maraviroc,Ropinirole,Risperidone,Clozapine,Tropicamide,Tramadol,Adenosine,Zolmitriptan,Naloxone,Frovatriptan,Pilocarpine,Eletriptan,Nicardipine,Progesterone,Nalbuphine,Amoxapine,Amitriptyline,Bromocriptine,Imipramine,Fentanyl,Dihydroergotamine,Pindolol,Dexamethasone,Pentazocine,Rizatriptan,Trazodone,Ketoprofen,Metoclopramide,Paroxetine,Maprotiline,Olanzapine,Aripiprazole,Mirtazapine,Lurasidone,Perphenazine,Pasireotide,Pramipexole,Sumatriptan,Diphenhydramine,Memantine,Naratriptan,Atropine,Trimipramine,Propranolol,Menthol,Pergolide,Gabapentin,Tinzaparin,Apomorphine,Nortriptyline,Disopyramide,Desipramine,Octreotide|Almotriptan,Ropinirole,Risperidone,Clozapine,Tropicamide,Tramadol,Zolmitriptan,Naloxone,Frovatriptan,Eletriptan,Nicardipine,Nalbuphine,Amitriptyline,Bromocriptine,Imipramine,Fentanyl,Dihydroergotamine,Pentazocine,Rizatriptan,Maprotiline,Paroxetine,Olanzapine,Aripiprazole,Pramipexole,Sumatriptan,Naratriptan,Atropine,Trimipramine,Pergolide,Nortriptyline,Desipramine,Apomorphine","CNR1,CNR2",69|47,23537701,A single ultra low dose of THC before ischemia is a safe and effective treatment that reduces myocardial ischemic damage
Etanercept,Prevents,Myocardial Infarction,"Epinephrine,Pseudoephedrine",LTA,4,25260027,"The results demonstrated that compared to MI/R, etanercept reduced myocardial infarction area, myocardial myeloperoxidase (MPO) levels, serum creatinine kinase (CK) and lactate dehydrogenase (LDH) levels, and both serum and myocardial TNF-α production."
Etanercept,Prevents,Myocardial Infarction,"Epinephrine,Pseudoephedrine",LTA,4,25680284,"These data indicate that MI/R injury can be attenuated by TNF-α inhibitor, partly via Notch1 signaling-mediated suppression of oxidative/nitrative stress."
Glutamic acid,Aggravates,Myocardial Infarction,"Almotriptan,Maraviroc,Ropinirole,Risperidone,Clozapine,Tropicamide,Tramadol,Adenosine,Zolmitriptan,Naloxone,Frovatriptan,Pilocarpine,Eletriptan,Nicardipine,Progesterone,Nalbuphine,Amoxapine,Amitriptyline,Bromocriptine,Imipramine,Fentanyl,Dihydroergotamine,Pindolol,Dexamethasone,Pentazocine,Rizatriptan,Trazodone,Ketoprofen,Metoclopramide,Paroxetine,Maprotiline,Olanzapine,Aripiprazole,Mirtazapine,Lurasidone,Perphenazine,Pasireotide,Pramipexole,Sumatriptan,Diphenhydramine,Memantine,Naratriptan,Atropine,Trimipramine,Propranolol,Menthol,Pergolide,Gabapentin,Tinzaparin,Apomorphine,Nortriptyline,Disopyramide,Desipramine,Octreotide|Almotriptan,Ropinirole,Risperidone,Clozapine,Tropicamide,Tramadol,Zolmitriptan,Naloxone,Frovatriptan,Eletriptan,Nicardipine,Nalbuphine,Amitriptyline,Bromocriptine,Imipramine,Fentanyl,Dihydroergotamine,Pentazocine,Rizatriptan,Maprotiline,Paroxetine,Olanzapine,Aripiprazole,Pramipexole,Sumatriptan,Naratriptan,Atropine,Trimipramine,Pergolide,Nortriptyline,Desipramine,Apomorphine|Almotriptan,Ropinirole,Risperidone,Clozapine,Tropicamide,Tramadol,Zolmitriptan,Naloxone,Frovatriptan,Eletriptan,Nicardipine,Nalbuphine,Amitriptyline,Bromocriptine,Imipramine,Fentanyl,Dihydroergotamine,Pentazocine,Rizatriptan,Maprotiline,Paroxetine,Olanzapine,Aripiprazole,Pramipexole,Sumatriptan,Naratriptan,Atropine,Trimipramine,Pergolide,Nortriptyline,Desipramine,Apomorphine|Aripiprazole,Clomipramine,Desipramine,Ropinirole,Trimipramine,Risperidone,Amoxapine,Clozapine,Trazodone,Pergolide,Maprotiline,Mirtazapine,Bromocriptine,Olanzapine,Imipramine,Nortriptyline,Amitriptyline,Pramipexole,Apomorphine","GRM8,GRM4,GRM7,GRM1",69|47|47|38,27679744,"Furthermore, Langendorff hearts treated with glutamate/malate exhibited reduced cardiac functional recovery and increased myocardial infarct size compared to hearts treated with G3P"
Hydrochlorothiazide,Prevents,Myocardial Infarction,"Desflurane,Risperidone,Clozapine,Tacrolimus,Estradiol,Hyaluronidase,Methyltestosterone,Naloxone,Lisdexamfetamine,Fluoxetine,Nicardipine,Testosterone,Abiraterone,Epinephrine,Celecoxib,Amitriptyline,Bromocriptine,Sulindac,Imipramine,Valsartan,Doxazosin,Clonidine,Repaglinide,Diclofenac,Naproxen,Captopril,Dextroamphetamine,Ketoprofen,Olanzapine,Aripiprazole,Flurbiprofen,Fenoldopam,Clomipramine,Ibuprofen,Piroxicam,Phenylephrine,Trimipramine,Losartan,Prednisone,Estrone,Pergolide,Salicylic acid,Fenoprofen,Nortriptyline,Disopyramide,Diflunisal",KCNMA1,46,25126535,Green tea Extract (GTE) combination with HCTZ can reduce the associated side-effects and exhibits myocardial protection.
Isoproterenol,Induces,Myocardial Infarction,"Sulindac,Dasatinib|Dasatinib|Dasatinib","MAPK1,PIK3R2,PIK3R1",2|1|1,25445034,isoproterenol induced myocardial infarcted rats
Isoproterenol,Induces,Myocardial Infarction,"Sulindac,Dasatinib|Dasatinib|Dasatinib","MAPK1,PIK3R2,PIK3R1",2|1|1,23684599,
Mecasermin,Indirect,Myocardial Infarction,"Clozapine,Tropicamide,Insulin Human,Pilocarpine,Nicardipine,Epinephrine,Amitriptyline,Imipramine,Pindolol,Maprotiline,Paroxetine,Pseudoephedrine,Aripiprazole,Mirtazapine,Olanzapine,Diphenhydramine,Ibuprofen,Atropine,Propranolol,Nortriptyline,Disopyramide,Desipramine",IGF2R,22,30497090,Higher IGF-1 levels in MI.
Mecasermin,Prevents,Myocardial Infarction,"Clozapine,Tropicamide,Insulin Human,Pilocarpine,Nicardipine,Epinephrine,Amitriptyline,Imipramine,Pindolol,Maprotiline,Paroxetine,Pseudoephedrine,Aripiprazole,Mirtazapine,Olanzapine,Diphenhydramine,Ibuprofen,Atropine,Propranolol,Nortriptyline,Disopyramide,Desipramine",IGF2R,22,26624235,"Stem cells induced to express IGF-1 improved myocardial infarct: In summary, transplantation of ADSCs transduced with IGF-1 is a superior therapeutic approach to treat MI compared to nontransduced ADSCs, suggesting that gene and cell therapy may bring additional benefits to the treatment of MI."
Mecasermin,Prevents,Myocardial Infarction,"Clozapine,Tropicamide,Insulin Human,Pilocarpine,Nicardipine,Epinephrine,Amitriptyline,Imipramine,Pindolol,Maprotiline,Paroxetine,Pseudoephedrine,Aripiprazole,Mirtazapine,Olanzapine,Diphenhydramine,Ibuprofen,Atropine,Propranolol,Nortriptyline,Disopyramide,Desipramine",IGF2R,22,26251592,"The in vivo results indicated that the hybrid system [Hydrogel-released IGF-1] could enhance the proliferation of cardiomyocytes in situ and could promote revascularization around the MI sites, allowing improved cardiac function."
Myristic acid,Aggravates,Myocardial Infarction,Insulin Human,INS,1,26274054,Reducing intake of MA can improve MI outcomes.
Myristic acid,Aggravates,Myocardial Infarction,Insulin Human,INS,1,28417827,"The results suggest that CVD risk factors are more extensively affected by individual FAs than hitherto recognized, and that risk for CVD, MI and stroke can be reduced by reducing the intake of palmitate, myristic acid"
Pi3k/bet inhibitor ly294002,Aggravates,Myocardial Infarction,Celecoxib,PIK3CG,1,26006021,Addition of PI3Ki prevents infarct healing.
Pi3k/bet inhibitor ly294002,Aggravates,Myocardial Infarction,Celecoxib,PIK3CG,1,26458524,PI3K signaling is important for cardiac repair after MI.
Plerixafor,No effect,Myocardial Infarction,"Almotriptan,Ropinirole,Risperidone,Clozapine,Tropicamide,Tramadol,Zolmitriptan,Naloxone,Frovatriptan,Pilocarpine,Eletriptan,Nicardipine,Nalbuphine,Levodopa,Amphetamine,Amoxapine,Amitriptyline,Bromocriptine,Imipramine,Fentanyl,Dihydroergotamine,Pindolol,Dexamethasone,Pentazocine,Rizatriptan,Trazodone,Ketoprofen,Metoclopramide,Paroxetine,Maprotiline,Olanzapine,Mirtazapine,Aripiprazole,Lurasidone,Perphenazine,Pramipexole,Diphenhydramine,Sumatriptan,Naratriptan,Atropine,Trimipramine,Propranolol,Pergolide,Nortriptyline,Disopyramide,Desipramine,Apomorphine",CXCR4,73,25121738,our data show that combinatorial G-CSF/AMD therapy does not promote myocardial regeneration after permanent LAD occlusion.
Plerixafor,Prevents,Myocardial Infarction,"Almotriptan,Ropinirole,Risperidone,Clozapine,Tropicamide,Tramadol,Zolmitriptan,Naloxone,Frovatriptan,Pilocarpine,Eletriptan,Nicardipine,Nalbuphine,Levodopa,Amphetamine,Amoxapine,Amitriptyline,Bromocriptine,Imipramine,Fentanyl,Dihydroergotamine,Pindolol,Dexamethasone,Pentazocine,Rizatriptan,Trazodone,Ketoprofen,Metoclopramide,Paroxetine,Maprotiline,Olanzapine,Mirtazapine,Aripiprazole,Lurasidone,Perphenazine,Pramipexole,Diphenhydramine,Sumatriptan,Naratriptan,Atropine,Trimipramine,Propranolol,Pergolide,Nortriptyline,Disopyramide,Desipramine,Apomorphine",CXCR4,73,23676772,"In conclusion, short-term intermittent administration of AMD3100 could accelerate the wound healing process in experimental MI and be a potential therapy for the treatment of MI."
Plerixafor,Aggravates,Myocardial Infarction,"Almotriptan,Ropinirole,Risperidone,Clozapine,Tropicamide,Tramadol,Zolmitriptan,Naloxone,Frovatriptan,Pilocarpine,Eletriptan,Nicardipine,Nalbuphine,Levodopa,Amphetamine,Amoxapine,Amitriptyline,Bromocriptine,Imipramine,Fentanyl,Dihydroergotamine,Pindolol,Dexamethasone,Pentazocine,Rizatriptan,Trazodone,Ketoprofen,Metoclopramide,Paroxetine,Maprotiline,Olanzapine,Mirtazapine,Aripiprazole,Lurasidone,Perphenazine,Pramipexole,Diphenhydramine,Sumatriptan,Naratriptan,Atropine,Trimipramine,Propranolol,Pergolide,Nortriptyline,Disopyramide,Desipramine,Apomorphine",CXCR4,73,24038789,"chronic infusion of the CXCR4 antagonist, AMD3100, exacerbated MI"
Prasugrel,Prevents,Myocardial Infarction,"Almotriptan,Ropinirole,Maraviroc,Risperidone,Clozapine,Tropicamide,Tramadol,Adenosine,Zolmitriptan,Naloxone,Frovatriptan,Pilocarpine,Eletriptan,Nicardipine,Progesterone,Nalbuphine,Levodopa,Amphetamine,Amoxapine,Amitriptyline,Bromocriptine,Imipramine,Fentanyl,Dihydroergotamine,Pindolol,Dexamethasone,Pentazocine,Rizatriptan,Octreotide,Trazodone,Ketoprofen,Metoclopramide,Maprotiline,Paroxetine,Mirtazapine,Aripiprazole,Olanzapine,Lurasidone,Perphenazine,Pramipexole,Pasireotide,Memantine,Sumatriptan,Diphenhydramine,Naratriptan,Atropine,Trimipramine,Propranolol,Menthol,Pergolide,Tinzaparin,Gabapentin,Nortriptyline,Disopyramide,Desipramine,Apomorphine",P2RY12,95,25400062,but MI was significantly reduced with prolonged prasugrel treatment
Prasugrel,Prevents,Myocardial Infarction,"Almotriptan,Ropinirole,Maraviroc,Risperidone,Clozapine,Tropicamide,Tramadol,Adenosine,Zolmitriptan,Naloxone,Frovatriptan,Pilocarpine,Eletriptan,Nicardipine,Progesterone,Nalbuphine,Levodopa,Amphetamine,Amoxapine,Amitriptyline,Bromocriptine,Imipramine,Fentanyl,Dihydroergotamine,Pindolol,Dexamethasone,Pentazocine,Rizatriptan,Octreotide,Trazodone,Ketoprofen,Metoclopramide,Maprotiline,Paroxetine,Mirtazapine,Aripiprazole,Olanzapine,Lurasidone,Perphenazine,Pramipexole,Pasireotide,Memantine,Sumatriptan,Diphenhydramine,Naratriptan,Atropine,Trimipramine,Propranolol,Menthol,Pergolide,Tinzaparin,Gabapentin,Nortriptyline,Disopyramide,Desipramine,Apomorphine",P2RY12,95,24818952,"Prasugrel, as compared with clopidogrel, significantly reduced the primary endpoint of the TRITON-TIMI 38 trial in NSTE-ACS patients, as well as in the UA and NSTEMI groups."
Quercetin,Prevents,Myocardial Infarction,Celecoxib,PIK3CG,1,27527349,"Overall, these findings revealed the cardio-protective potential of quercetin and its mechanism of action against ISO-induced MI in rats."
Quercetin,Prevents,Myocardial Infarction,Celecoxib,PIK3CG,1,28942082,"Administration of 3,5,7,3',4'- Pentahydroxy flavone (i.e. Quercetin (QTN)) isolated from MI-ALC showed significant protection against arsenic-induced oxido-nitrosative stress and myocardial injury via modulation of Nrf2, PPAR-γ, and apoptosis."
Recombinant urokinase,Unclear ,Myocardial Infarction,"Tenecteplase,Alteplase,Tranexamic Acid,Aprotinin",PLAU,8,23711809,"At 6 months of follow-up, the patients treated with intrathrombus urokinase showed a better major adverse cardiac event-free survival (6% vs 21%; log-rank p = 0.044)"
Rimonabant,Prevents,Myocardial Infarction,"Almotriptan,Maraviroc,Ropinirole,Risperidone,Clozapine,Tropicamide,Tramadol,Adenosine,Zolmitriptan,Naloxone,Frovatriptan,Pilocarpine,Eletriptan,Nicardipine,Progesterone,Nalbuphine,Amoxapine,Amitriptyline,Bromocriptine,Imipramine,Fentanyl,Dihydroergotamine,Pindolol,Dexamethasone,Pentazocine,Rizatriptan,Trazodone,Ketoprofen,Metoclopramide,Paroxetine,Maprotiline,Olanzapine,Aripiprazole,Mirtazapine,Lurasidone,Perphenazine,Pasireotide,Pramipexole,Sumatriptan,Diphenhydramine,Memantine,Naratriptan,Atropine,Trimipramine,Propranolol,Menthol,Pergolide,Gabapentin,Tinzaparin,Apomorphine,Nortriptyline,Disopyramide,Desipramine,Octreotide",CNR1,69,23636507,"Blocking of CB1 receptor with rimonabant improves cardiac functions in the early and late stages after MI, decreases arterial stiffness and reduces cardiac remodelling"
Epinephrine,Induces,Myopathy,"Lidocaine,Erlotinib",ADRB2,2,28280999,Myopathy was induced with epinephrine.
Glipizide,Induces,Myopathy,Acitretin,PPARG,2,27440956,From a single case report
"Norepinephrine, dl-",Unclear,Myopathy,"Lidocaine,Erlotinib",ADRB2,2,23786442,Elevated NE excretion associated with myopathic disorders.
Resveratrol,Unclear,Myopathy,"Fluoxetine,Phenytoin,Zidovudine,Erlotinib,Prednisone,Abiraterone,Fosphenytoin,Acitretin,Rosuvastatin,Saquinavir",TTR,14,27136581,Review article postulating whether resveratrol can be a treatment for myopathies.
Aspirin,Unclear,Neuropathy,"Indomethacin,Sulindac",TP53,2,28332005,Previous reports have suggested that aspirin synergizes with anti-convulsants in a diabetic neuropathy model.
Caffeine,Unclear,Neuropathy,"Probenecid,Erlotinib,Tacrolimus,Acitretin,Tetracycline,Hyaluronidase,Sulindac,Indomethacin,Insulin Detemir|Erlotinib,Trastuzumab emtansine,Lidocaine,Trastuzumab,Pertuzumab","ATM,PIK3CA",9|5,29243538,
Caffeine,Unclear,Neuropathy,"Probenecid,Erlotinib,Tacrolimus,Acitretin,Tetracycline,Hyaluronidase,Sulindac,Indomethacin,Insulin Detemir|Erlotinib,Trastuzumab emtansine,Lidocaine,Trastuzumab,Pertuzumab","ATM,PIK3CA",9|5,22527095,
Caffeine,Unrelated,Neuropathy,"Probenecid,Erlotinib,Tacrolimus,Acitretin,Tetracycline,Hyaluronidase,Sulindac,Indomethacin,Insulin Detemir|Erlotinib,Trastuzumab emtansine,Lidocaine,Trastuzumab,Pertuzumab","ATM,PIK3CA",9|5,28544110,
Carvedilol,Prevents,Neuropathy,"Trastuzumab,Lidocaine,Erlotinib",ADRB2,3,28286117,prevents neuropathy induced by oxaliplatin
Desipramine,Indirect,Neuropathy,"Trastuzumab,Lidocaine,Erlotinib",ADRB2,3,30130302,Desipramine mitigated a response to neuropathic pain.
Epinephrine,Unrelated,Neuropathy,"Trastuzumab,Lidocaine,Erlotinib",ADRB2,3,23713353,
Levothyroxine,Prevents,Neuropathy,"Vemurafenib,Probenecid,Erlotinib,Tacrolimus,Acitretin,Tetracycline,Hyaluronidase,Sulindac,Indomethacin,Insulin Detemir,Sulfamethizole",TTR,15,24863095,Prevents neuropathy associated with hypothyroidism.
Mirtazapine,Prevents,Neuropathy,"Trastuzumab,Lidocaine,Erlotinib",ADRB2,3,23836292,Mitigates chemo-therapy induced neuropathy
Noradrenaline measurement,Unclear,Neuropathy,"Trastuzumab,Lidocaine,Erlotinib",ADRB2,3,26010460,Decreased noradrenaline control associated with neuropathy in animals
Noradrenaline measurement,Unrelated,Neuropathy,"Trastuzumab,Lidocaine,Erlotinib",ADRB2,3,25969720,
Resveratrol,Unclear,Neuropathy,"Vemurafenib,Probenecid,Erlotinib,Tacrolimus,Acitretin,Tetracycline,Hyaluronidase,Sulindac,Indomethacin,Insulin Detemir,Sulfamethizole",TTR,15,24870550,
Resveratrol,Prevents,Neuropathy,"Vemurafenib,Probenecid,Erlotinib,Tacrolimus,Acitretin,Tetracycline,Hyaluronidase,Sulindac,Indomethacin,Insulin Detemir,Sulfamethizole",TTR,15,29592782,Prevents neuropathic pain following spinal cord injury
Sorafenib,Aggravates,Neuropathy,"Erlotinib,Trastuzumab emtansine,Lidocaine,Trastuzumab,Pertuzumab",RET,5,26254739,Sorafenib induces neuropathic pain.
Aspartic acid,Unclear,Pancreatitis,"Clonidine,Aripiprazole,Hydroflumethiazide,Erythromycin,Hydrochlorothiazide,Risperidone,Erlotinib,Prazosin,Clozapine,Pergolide,Ketoprofen,Quetiapine,Olanzapine,Droxidopa,Fenoprofen,Sulindac,Naloxone,Valsartan,Vandetanib",SLC25A13,19,25112526,"Case report where PEG-ASP administration during induction chemotherapy, the patient developed necrotizing pancreatitis."
Aspartic acid,Unclear,Pancreatitis,"Clonidine,Aripiprazole,Hydroflumethiazide,Erythromycin,Hydrochlorothiazide,Risperidone,Erlotinib,Prazosin,Clozapine,Pergolide,Ketoprofen,Quetiapine,Olanzapine,Droxidopa,Fenoprofen,Sulindac,Naloxone,Valsartan,Vandetanib",SLC25A13,19,27451978,Asparaginase-induced pancreatitis
Aspirin,Not related,Pancreatitis,"Capsaicin,Thalidomide,Ketoprofen,Sulindac,Fenoprofen|Clonidine,Aripiprazole,Acamprosate,Erythromycin,Atropine,Ropinirole,Risperidone,Prazosin,Clozapine,Pergolide,Paroxetine,Quetiapine,Mirtazapine,Droxidopa,Olanzapine,Valsartan,Pramipexole,Pilocarpine|Sulfasalazine,Thalidomide","TP53,EDNRA,NFKBIA",8|18|2,25917334,Another compound attenuated asprin-induced gastritis
Aspirin,Prevents,Pancreatitis,"Capsaicin,Thalidomide,Ketoprofen,Sulindac,Fenoprofen|Clonidine,Aripiprazole,Acamprosate,Erythromycin,Atropine,Ropinirole,Risperidone,Prazosin,Clozapine,Pergolide,Paroxetine,Quetiapine,Mirtazapine,Droxidopa,Olanzapine,Valsartan,Pramipexole,Pilocarpine|Sulfasalazine,Thalidomide","TP53,EDNRA,NFKBIA",8|18|2,27138793,phospho-aspirin prevented pancreatitis-accelerated acinar-to-ductal metaplasia
Bismuth subsalicylate,Not related,Pancreatitis,"Aripiprazole,Atropine,Erlotinib,Blinatumomab,Propranolol,Clozapine,Paroxetine,Quetiapine,Mirtazapine,Droxidopa,Olanzapine,Vandetanib,Pilocarpine",TF,13,28133066,
Cinacalcet,Prevents,Pancreatitis,"Ropinirole,Risperidone,Prazosin,Diphenoxylate,Clozapine,Tramadol,Naloxone,Pilocarpine,Acamprosate,Erythromycin,Amoxapine,Citalopram,Droxidopa,Valsartan,Dexamethasone,Clonidine,Eprosartan,Pentazocine,Telmisartan,Naltrexone,Candesartan,Ketoprofen,Paroxetine,Danazol,Quetiapine,Mirtazapine,Aripiprazole,Olanzapine,Pramipexole,Memantine,Pasireotide,Lanreotide,Atropine,Donepezil,Olmesartan,Losartan,Propranolol,Menthol,Pergolide,Gabapentin,Morphine,Octreotide",CASR,75,25045523,Cinacalcet was successfully used in treating recurrent pancreatitis
Dronabinol,Aggravates,Pancreatitis,"Lanreotide,Atropine,Ropinirole,Risperidone,Propranolol,Clozapine,Diphenoxylate,Menthol,Pergolide,Ketoprofen,Paroxetine,Quetiapine,Gabapentin,Mirtazapine,Aripiprazole,Olanzapine,Naloxone,Pramipexole,Octreotide,Pilocarpine|Lanreotide,Atropine,Ropinirole,Risperidone,Propranolol,Clozapine,Diphenoxylate,Menthol,Pergolide,Ketoprofen,Paroxetine,Quetiapine,Gabapentin,Mirtazapine,Aripiprazole,Olanzapine,Naloxone,Pramipexole,Octreotide,Pilocarpine","CNR1,CNR2",25|25,23892868,Here we describe two cases of THC-induced pancreatitis
Glutathione,Unclear,Pancreatitis,"Ropinirole,Risperidone,Clozapine,Tramadol,Riluzole,Naloxone,Pilocarpine,Erythromycin,Citalopram,Sulindac,Dexamethasone,Clonidine,Paroxetine,Danazol,Quetiapine,Mirtazapine,Aripiprazole,Atropine,Donepezil,Losartan,Propranolol,Pergolide,Morphine",MGST1,23,30335608,Measured oxidized glutathione levels in an induced-pancreatitis model
Glutathione,Unclear,Pancreatitis,"Ropinirole,Risperidone,Clozapine,Tramadol,Riluzole,Naloxone,Pilocarpine,Erythromycin,Citalopram,Sulindac,Dexamethasone,Clonidine,Paroxetine,Danazol,Quetiapine,Mirtazapine,Aripiprazole,Atropine,Donepezil,Losartan,Propranolol,Pergolide,Morphine",MGST1,23,30221360,Glutathione levels were decreased in a pnacreatitis model.
Adenosine,Not Related,Pneumonia,"Ziprasidone,Aripiprazole,Doxepin,Levodopa,Risperidone,Amoxapine,Clozapine,Loxapine,Asenapine,Fluphenazine,Iloperidone,Metoclopramide,Quetiapine,Olanzapine,Mirtazapine,Amitriptyline,Apomorphine,Perphenazine,Pramipexole,Treprostinil",ADORA2B,21,25869515,
Adenosine,Prevents,Pneumonia,"Ziprasidone,Aripiprazole,Doxepin,Levodopa,Risperidone,Amoxapine,Clozapine,Loxapine,Asenapine,Fluphenazine,Iloperidone,Metoclopramide,Quetiapine,Olanzapine,Mirtazapine,Amitriptyline,Apomorphine,Perphenazine,Pramipexole,Treprostinil",ADORA2B,21,29377929,administration of the A2a adenosine receptor agonist CGS 21680 significantly increased IgG3 responses and significantly enhanced survival after S. pneumoniae challenge
Adenosine,Prevents,Pneumonia,"Ziprasidone,Aripiprazole,Doxepin,Levodopa,Risperidone,Amoxapine,Clozapine,Loxapine,Asenapine,Fluphenazine,Iloperidone,Metoclopramide,Quetiapine,Olanzapine,Mirtazapine,Amitriptyline,Apomorphine,Perphenazine,Pramipexole,Treprostinil",ADORA2B,21,29702691,adenosine is important for host immune response to pathogen
Alteplase,Prevents,Pneumonia,Ibuprofen,PLG,1,26256909,Treatment with rTPA appeared safe and resulted in variable changes in fibrin quantity and organization within the pleural space. Recombinant tissue plasminogen activator could be a useful adjunct to standard treatment of fibrinous pleuropneumonia
Aprotinin,Not related,Pneumonia,Ibuprofen,PLG,1,25586194,
Aspirin,Not related,Pneumonia,"Sulfasalazine,Aldesleukin,Etanercept|Sulfasalazine","TP53,NFKBIA",3|1,28289603,Aspirin affects differential expression in Streptococcus pneumoniae
Aspirin,Prevents,Pneumonia,"Sulfasalazine,Aldesleukin,Etanercept|Sulfasalazine","TP53,NFKBIA",3|1,25564372,This study shows that chronic aspirin use is associated with lower mortality rate within 30 days after hospital admission in a large cohort of patients with pneumonia.
Ellagic acid,Prevents,Pneumonia,"Basiliximab,Etanercept",SYK,2,24823499,"220D-F2, rich in ellagic acid, and ellagic acid derivatives, against S. pneumoniae planktonic cells and biofilm structures. Our studies first demonstrate that, when inoculated together with planktonic cultures, 220D-F2 inhibited the formation of pneumococcal biofilms in a dose-dependent manner."
Gefitinib,Prevents,Pneumonia,"Ziprasidone,Aripiprazole,Doxepin,Clozapine,Promethazine,Loxapine,Asenapine,Paroxetine,Quetiapine,Tiotropium,Amitriptyline,Olanzapine,Mirtazapine,Trihexyphenidyl",EGFR,14,29408491,RIP2 inhibitor gefitinib protects the brain from damage caused by S. pneumoniae
Staurosporine,Unrelated ,Pneumonia,"Basiliximab,Etanercept",SYK,2,23000903,
Streptokinase,Unrelated ,Pneumonia,"Ibuprofen|Ziprasidone,Trifluoperazine,Risperidone,Clozapine,Loxapine,Tramadol,Amoxapine,Tiotropium,Amitriptyline,Dexamethasone,Pimavanserin,Metoclopramide,Paroxetine,Nefazodone,Quetiapine,Olanzapine,Mirtazapine,Aripiprazole,Pramipexole,Doxepin,Promethazine,Asenapine,Iloperidone,Trihexyphenidyl,Apomorphine","PLG,F2R",1|25,24813401,
Trastuzumab,Unrelated,Pneumonia,"Ziprasidone,Aripiprazole,Doxepin,Clozapine,Promethazine,Loxapine,Asenapine,Paroxetine,Quetiapine,Tiotropium,Amitriptyline,Olanzapine,Mirtazapine,Trihexyphenidyl",EGFR,14,29880292,
Abatacept,Prevents,Proteinuria,"Celecoxib,Dasatinib",CD80,2,25239302,prevented urinary CD80 
Abatacept,No effect,Proteinuria,"Celecoxib,Dasatinib",CD80,2,26701979,"9 patients with glomular disorder, FSGS."
Abatacept,Prevents,Proteinuria,"Celecoxib,Dasatinib",CD80,2,24206430,Partial remission of proteinuria in focal segmental glomerulosclerosis (FSGS) patients with B7-1 immunostaining of podocytes
Abatacept,Prevents,Proteinuria,"Celecoxib,Dasatinib",CD80,2,29722117,Diminished proteinuria in xenograft model of kidneys with CD80 expression
Abatacept,Aggravates,Proteinuria,"Celecoxib,Dasatinib",CD80,2,23816503,Proteinuira occurred after a switch to abatacept therapy in a single patient case study.
Abatacept,Prevents,Proteinuria,"Celecoxib,Dasatinib",CD80,2,29249233,A case study where abatacept therapy w/o steroids abruptly stopped proteinuria
Abatacept,Prevents,Proteinuria,"Celecoxib,Dasatinib",CD80,2,26409459,demonstrated that CTLA4-Ig abrogates the onset of proteinuria in murine models of DKD in vivo
Aliskiren,Prevents,Proteinuria,"Benazepril,Trandolapril,Ramipril,Captopril",REN,4,28464775,"All of the clinical trials, except one, showed a decrease in proteinuria or albuminuria following aliskiren treatment"
Aliskiren,Prevents,Proteinuria,"Benazepril,Trandolapril,Ramipril,Captopril",REN,4,23675422,"After aliskiren treatment, there was a significant reduction in proteinuria in 4 weeks"
Aliskiren,Prevents,Proteinuria,"Benazepril,Trandolapril,Ramipril,Captopril",REN,4,23257405,This study revealed that low-dose aliskiren treatment could attenuate proteinuria by interrupting the renin-angiotensin system in mice with lupus nephritis
Belatacept,No effect,Proteinuria,"Celecoxib,Dasatinib",CD80,2,26701979,"abatacept or belatacept, a B7-1 blocker with higher affinity, and did not induce proteinuria remission"
Belatacept,No effect,Proteinuria,"Celecoxib,Dasatinib",CD80,2,25239302,
Doxycycline,Prevents,Proteinuria,Dasatinib,B2M,1,24535692,Doxycycline 200 mg twice daily for 28 days coincided with considerable decrease in proteinuria
Doxycycline,Not Related,Proteinuria,Dasatinib,B2M,1,28483380,
Recombinant urokinase,Unclear,Proteinuria,"Ibuprofen,Vandetanib",LRP2,2,24500387,
Recombinant urokinase,Unclear,Proteinuria,"Ibuprofen,Vandetanib",LRP2,2,25185729,Circulating urokinase-like plasminogen activator receptor (suPAR) are associated with increased proteinuria
Recombinant urokinase,Unrelated,Proteinuria,"Ibuprofen,Vandetanib",LRP2,2,26198842,Circulating urokinase-like plasminogen activator receptor (suPAR) are associated with increased proteinuria
Recombinant urokinase,Unrelated,Proteinuria,"Ibuprofen,Vandetanib",LRP2,2,24089165,soluble urokinase receptor (suPAR) is characteristically elevated in the serum of FSGS patients
Recombinant urokinase,Unrelated,Proteinuria,"Ibuprofen,Vandetanib",LRP2,2,24255893,"soluble factor urokinase type plasminogen activator receptor, a circulating permeability factor involved in proteinuria"
Regorafenib,Aggravates,Proteinuria,Vandetanib|Dasatinib|Dasatinib,"RET,FGFR1,FGFR2",1|1|1,25213161,"Proteinuria is a side-effect of regorafenib: Regorafenib-associated hand-foot skin reaction, hypertension, proteinuria, thrombocytopenia, and lipase elevations occurred more frequently in the Japanese subpopulation"
Sorafenib,Unrelated,Proteinuria,Vandetanib|Dasatinib,"RET,FGFR1",1|1,29779695,Prior therapy caused proteinuria in a single patient case study.
Albuterol,Prevents,Sepsis,"Paroxetine,Cocaine,Atropine",ADRB2,3,24918349,This study showed for the first time that oral administration of salbutamol exerted protective effects on CLP-induced sepsis and related lung injury in rats
Amitriptyline,Prevents,Sepsis,"Paroxetine,Atropine|Atropine,Ropinirole,Cocaine,Paroxetine,Goserelin,Cevimeline,Pramipexole","HRH4,ADRA1D",2|7,25616357,The combination of antibiotics and amitriptyline inhibited both pulmonary edema and bacteremia protecting mice from lethal sepsis and lung dysfunction suggesting the combination of both drugs as novel treatment option for sepsis.
Anakinra,Prevents,Sepsis,Canakinumab,IL1R1,1,26184633,Our results showed that blocking the IL-1-IL-1r signaling pathway by central administration of an IL-1ra decreases hypothalamic oxidative stress markers during sepsis.
Anakinra,Unrelated,Sepsis,Canakinumab,IL1R1,1,26272282,
Anakinra,Unrelated,Sepsis,Canakinumab,IL1R1,1,24428862,
Anakinra,Unclear,Sepsis,Canakinumab,IL1R1,1,25338201,Altered sepsis-induced vasopressin and nitric oxide levels 
Anakinra,Prevents,Sepsis,Canakinumab,IL1R1,1,26584195,"In this subgroup analysis, interleukin-1 receptor blockade was associated with significant improvement in survival of patients with sepsis and concurrent hepatobiliary dysfunction/disseminated intravascular coagulation."
Arformoterol,Prevents,Sepsis,"Paroxetine,Cocaine,Atropine",ADRB2,3,29969314,We conclude that formoterol decreases (LPS-induced model of sepsis) endotoxin-induced inflammation and proteolysis in rat skeletal muscle.
Aspirin,No Effect,Sepsis,Sulfasalazine,NFKBIA,1,29668690,"In the REGARDS cohort, baseline aspirin use was not associated with long-term rates of sepsis."
Aspirin,Prevents,Sepsis,Sulfasalazine,NFKBIA,1,28799949,These results are consistent with effects ranging from a 2% to 12% reduction in mortality risk in patients taking aspirin prior to sepsis onset. This association anticipates results of definitive studies of the use of low-dose aspirin as a strategy for reduction of deaths in patients with sepsis.
Aspirin,Unclear,Sepsis,Sulfasalazine,NFKBIA,1,28110287,Description of the trial: AspiriN To Inhibit SEPSIS (ANTISEPSIS) randomised controlled trial protocol.
Aspirin,Unclear,Sepsis,Sulfasalazine,NFKBIA,1,24656779,Aspirin can reduce sepsis in combination with choline: Our results indicated that combined choline and aspirin therapy represented a significant synergistic interaction in attenuating acute inflammatory response.
Aspirin,Aggravates,Sepsis,Sulfasalazine,NFKBIA,1,26850706,"Additionally, aspirin therapy was associated with higher risk of ICU-acquired severe sepsis, and increased mechanical ventilation duration and ICU length of stay."
Aspirin,Prevents,Sepsis,Sulfasalazine,NFKBIA,1,28717145,"Acetylsalicylic acid but not fluvastatin limited platelet activation and inflammatory factor release and restored the platelet count by protecting platelets from Staphylococcus-induced expression of cell death markers. This study demonstrates that acetylsalicylic acid limits S. aureus-induced effects on platelets by reducing cell death, revealing new strategies to reduce the platelet contribution to bacteremia-associated inflammation."
Aspirin,Prevents,Sepsis,Sulfasalazine,NFKBIA,1,25559436,"In this selected cohort of critically ill patients, prehospital aspirin use was independently associated with a decreased risk of acute respiratory distress syndrome even after adjusting for the propensity of prehospital aspirin use. These findings support the need for prospective clinical trials to determine whether aspirin may be beneficial for the prevention of clinical acute respiratory distress syndrome."
Aspirin,Prevents,Sepsis,Sulfasalazine,NFKBIA,1,28692111,"Acetylsalicylic acid (ASA) is associated with improved outcome in patients with sepsis. ASA treatment profoundly augmented the plasma concentration of pro-inflammatory cytokines, but did not affect anti-inflammatory cytokines"
Atenolol,Unrelated,Sepsis,"Paroxetine,Cocaine,Atropine",ADRB2,3,25413250,"Atenolol appears safe in sepsis, has no deleterious cardiovascular or renal effects, and has an anti-inflammatory effect. (in sheep)"
Bosentan,No Effect,Sepsis,"Atropine,Ropinirole,Cocaine,Paroxetine,Goserelin,Cevimeline,Pramipexole",EDNRB,7,28618763,bosentan did not perform such a restoration.
C1-inh,No Effect,Sepsis,"Atropine,Ropinirole,Cocaine,Paroxetine,Goserelin,Cevimeline,Pramipexole",F2,7,30002833,"In refractory shock patients with sepsis, the values of C1-INH activity were lower (especially in non-survivors) on admission and day 1 as compared with non-shock and non-refractory shock patients."
C1-inh,No Effect,Sepsis,"Atropine,Ropinirole,Cocaine,Paroxetine,Goserelin,Cevimeline,Pramipexole",F2,7,30107868,"There were no anaphylaxis, thromboembolic, sepsis, or bacteremia events reported during treatment with C1-INH (SC)."
C1-inh,Prevents,Sepsis,"Atropine,Ropinirole,Cocaine,Paroxetine,Goserelin,Cevimeline,Pramipexole",F2,7,23607270,"C1-INH (1·25-5 mg/ml) reduced both LPS- and E. coli-induced coagulation, measured as a reduction of PTF1·2 in plasma, efficiently and dose-dependently (P < 0·05)."
Carvedilol,Prevents,Sepsis,"Paroxetine,Cocaine,Atropine|Atropine,Ropinirole,Cocaine,Paroxetine,Goserelin,Cevimeline,Pramipexole","ADRB2,ADRA1D",3|7,25928585,These findings suggest renoprotective effects of carvedilol in sepsis.
Clonidine,Prevents,Sepsis,"Atropine,Ropinirole,Cocaine,Paroxetine,Goserelin,Cevimeline,Pramipexole",ADRA1D,7,28883754,The i.t. pretreatment with clonidine (5 µg/5 µl) increased the blood glucose level and attenuated mortality induced by sepsis in a dose-dependent manner.
Clonidine,Unclear,Sepsis,"Atropine,Ropinirole,Cocaine,Paroxetine,Goserelin,Cevimeline,Pramipexole",ADRA1D,7,29489737,"In hyperdynamic, hypotensive sepsis, the effects of clonidine at clinically relevant doses are complex and dose dependent."
Clonidine,Prevents,Sepsis,"Atropine,Ropinirole,Cocaine,Paroxetine,Goserelin,Cevimeline,Pramipexole",ADRA1D,7,25860204,"Administration of clonidine during hypotensive sepsis reduced renal sympathetic nerve activity, restored vascular sensitivity to both phenylephrine and angiotensin II, and resulted in better preservation of arterial pressure. (in sheep)"
Dabigatran etexilate,Aggravates,Sepsis,"Atropine,Ropinirole,Cocaine,Paroxetine,Goserelin,Cevimeline,Pramipexole",F2,7,26221544,We present a case where a patient treated with dabigatran etexilate was admitted to intensive care unit with severe sepsis and acute renal failure and in need of bilateral lower limp amputation due to ischemia.
Dasatinib,Prevents,Sepsis,"Tofacitinib,Ibrutinib,Memantine,Abatacept",FYN,4,29760707,"In polymicrobial sepsis, sepsis severity, organ damage, and clinical outcome improved in a dose-dependent fashion pointing toward an optimal therapeutic window for dasatinib dosage during polymicrobial sepsis."
Dasatinib,Unrelated,Sepsis,"Tofacitinib,Ibrutinib,Memantine,Abatacept",FYN,4,25789076,
Desipramine,Prevents,Sepsis,"Paroxetine,Cocaine,Atropine",ADRB2,3,28420138,"We describe a novel, protective role of desipramine during sepsis-induced cardiac dysfunction that controls ceramide content."
Desipramine,Prevents,Sepsis,"Paroxetine,Cocaine,Atropine",ADRB2,3,27341515,"Functional inhibitors, such as desipramine, are capable to improve endothelial stress response during sepsis and might be considered as a pharmacological treatment strategy to favor the outcome."
Dobutamine,Prevents,Sepsis,"Paroxetine,Cocaine,Atropine",ADRB2,3,23698550,Dobutamine is recommended for the treatment of sepsis-related circulatory failure in international guidelines
Dobutamine,No Effect,Sepsis,"Paroxetine,Cocaine,Atropine",ADRB2,3,29201378,These results suggested that dobutamine use may have been overemphasized despite its insignificant effect on the mortality in septic patients.
Dobutamine,Unclear,Sepsis,"Paroxetine,Cocaine,Atropine",ADRB2,3,28494911,There is no evidence that levosimendan is superior to dobutamine in adult patients with sepsis and septic shock.
Dobutamine,Unclear,Sepsis,"Paroxetine,Cocaine,Atropine",ADRB2,3,27571457,Apelin Compared With Dobutamine Exerts Cardioprotection
Dobutamine,Prevents,Sepsis,"Paroxetine,Cocaine,Atropine",ADRB2,3,23506497,cardiac output can be increased by dobutamine.
Drotrecogin alfa,Prevents,Sepsis,"Atropine,Ropinirole,Cocaine,Paroxetine,Goserelin,Cevimeline,Pramipexole|Paroxetine,Atropine","F2,PF4",7|2,26777744,"Drotrecogin alfa was a landmark drug for treatment of severe sepsis,"
Drotrecogin alfa,Prevents,Sepsis,"Atropine,Ropinirole,Cocaine,Paroxetine,Goserelin,Cevimeline,Pramipexole|Paroxetine,Atropine","F2,PF4",7|2,23247122,"drotrecogin alfa (activated protein C), which attenuates sepsis in baboons"
Epinephrine,Unrelated,Sepsis,"Paroxetine,Cocaine,Atropine|Atropine,Ropinirole,Cocaine,Paroxetine,Goserelin,Cevimeline,Pramipexole","ADRB2,ADRA1D",3|7,24169560,Increased epinephrine secretion during sepsis
Epinephrine,Unrelated,Sepsis,"Paroxetine,Cocaine,Atropine|Atropine,Ropinirole,Cocaine,Paroxetine,Goserelin,Cevimeline,Pramipexole","ADRB2,ADRA1D",3|7,29308764,Epinephrine release associated with sepsis.
Eritoran,Unrelated,Sepsis,Ibrutinib,TLR4,1,26992066,Analysis of secondary endpoints in a trial for eritoran effect on sepsis.
Eritoran,No Effect,Sepsis,Ibrutinib,TLR4,1,23512062,"Among patients with severe sepsis, the use of eritoran, compared with placebo, did not result in reduced 28-day mortality."
Eritoran,Unrelated,Sepsis,Ibrutinib,TLR4,1,27328732,
Formoterol,Prevents,Sepsis,"Paroxetine,Cocaine,Atropine",ADRB2,3,29969314,We conclude that formoterol decreases endotoxin-induced inflammation and proteolysis in rat skeletal muscle.
Glucosamine,Prevents,Sepsis,Sulfasalazine|Tofacitinib,"NFKB2,IFNG",1|1,30455348,Glucosamine improves survival in a mouse model of sepsis and attenuates sepsis-induced lung injury and inflammation.
Isoproterenol,Unrelated,Sepsis,"Paroxetine,Cocaine,Atropine|Tofacitinib,Abatacept","ADRB2,PIK3R1",3|2,28526706,
Low-dose aspirin,Unclear,Sepsis,Sulfasalazine,NFKBIA,1,28110287,Description of the trial: AspiriN To Inhibit SEPSIS (ANTISEPSIS) randomised controlled trial protocol.
Low-dose aspirin,Prevents,Sepsis,Sulfasalazine,NFKBIA,1,23294562,Analyzing medical records of 979 patients with severe sepsis or septic shock provided some evidence that the use of low-dose aspirin or non-steroidal anti-inflammatory drugs (NSAIDs) was associated with decreased hospital mortality.
Low-dose aspirin,Prevents,Sepsis,Sulfasalazine,NFKBIA,1,28799949,These results are consistent with effects ranging from a 2% to 12% reduction in mortality risk in patients taking aspirin prior to sepsis onset.
Midodrine,Unclear,Sepsis,"Atropine,Ropinirole,Cocaine,Paroxetine,Goserelin,Cevimeline,Pramipexole",ADRA1D,7,28873293,"While its use to mediate recovery from septic shock has been suggested, there is a paucity of clinical data supporting its use."
Mirtazapine,Unrelated,Sepsis,"Paroxetine,Cocaine,Atropine|Paroxetine,Atropine","ADRB2,HRH3",3|2,29631544,
Propranolol,Prevents,Sepsis,"Paroxetine,Cocaine,Atropine",ADRB2,3,24020447,"These results suggest that propranolol treatment may decrease mortality during sepsis potentially via a combination of improving metabolism, suppressing aspects of the inflammatory response and enhancing tissue protection."
Propranolol,No Effect,Sepsis,"Paroxetine,Cocaine,Atropine",ADRB2,3,28265298,Our analysis indicates that there were no differences in mortality or sepsis in severely burned patients treated with propranolol compared with those who had usual care or placebo.
Sitaxentan,Prevents,Sepsis,"Atropine,Ropinirole,Cocaine,Paroxetine,Goserelin,Cevimeline,Pramipexole",EDNRB,7,25006449,Sitaxsentan attenuated sepsis-induced PH (pulomonary hypertension)
Thalidomide,Prevents,Sepsis,Sulfasalazine,NFKB1,1,28516791,The results of this investigation suggested that etanercept and thalidomide administration may have a beneficial effect on LPS-induced sepsis.
Thrombomodulin alfa,Prevents,Sepsis,"Atropine,Ropinirole,Cocaine,Paroxetine,Goserelin,Cevimeline,Pramipexole",F2,7,23979365,ART-123 is a safe intervention in critically ill patients with sepsis and suspected disseminated intravascular coagulation. The study provided evidence suggestive of efficacy supporting further development of this drug in sepsis-associated coagulopathy
"Antihemophilic factor, human recombinant",Unrelated,Thrombocytopenia,"Abciximab,Tirofiban,Bosutinib,Ponatinib,Nintedanib,Dasatinib",VWF,6,24611711,Low factor VIII levels associated with thrombocytopenia
"Antihemophilic factor, human recombinant",Unrelated,Thrombocytopenia,"Abciximab,Tirofiban,Bosutinib,Ponatinib,Nintedanib,Dasatinib",VWF,6,25922770,Low factor VIII levels associated with thrombocytopenia
Regorafenib,Aggravates,Thrombocytopenia,"Bosutinib,Imatinib",BRAF,2,29212191,Associated with clinical rates of thrombocytopenia
Regorafenib,Aggravates,Thrombocytopenia,"Bosutinib,Imatinib",BRAF,2,25213161,"Regorafenib-associated hand-foot skin reaction, hypertension, proteinuria, thrombocytopenia, and lipase elevations occurred more frequently in the Japanese subpopulation than in the non-Japanese subpopulation, but were generally manageable."
Regorafenib,Aggravates,Thrombocytopenia,"Bosutinib,Imatinib",BRAF,2,25335705,"Adverse events of grade 3 or higher related to regorafenib were hand-foot skin reactions(44%), fatigue(13%), thrombocytopenia(13%), anorexia(6%), and hypertension( 6%), in addition to severe drug-induced liver injury in 1 patient."
Sorafenib,Aggravates,Thrombocytopenia,"Bosutinib,Imatinib",BRAF,2,24333135,There was no complete response. The most common (≥10% patients) treatment-emergent adverse events were gemcitabine-related thrombocytopenia (40%) followed by sorafenib-related hand-foot skin reaction and anorexia (33% each).
Thalidomide,Prevents,Thrombocytopenia,"Aminosalicylic Acid,Auranofin",NFKB1,2,29796726,"Low-dose thalidomide, which could offset both anemia and thrombocytopenia caused by ruxolitinib, represents another potential partner for ruxolitinib."
Aliskiren,Prevents,Ventricular Tachy,Lisinopril,REN,1,26531129,Aliskiren treatment increased conduction velocity and reduced the incidence of sustained VT.
Carbamazepine,Aggravates,Ventricular Tachy,Epinephrine,SCN5A,1,25336888,ventricular tachycardia and junctional escape rhythms have been reported in patients due to carbamazepine toxicity.
Cocaine,Aggravates,Ventricular Tachy,Epinephrine,SCN5A,1,24724798,drug refractory ventricular tachycardia related to cocaine use
Disopyramide,Prevents,Ventricular Tachy,Epinephrine,SCN5A,1,30173081,Disopyramide as an antiarrhythmic agent has been used for treating ventricular tachycardia
Flecainide,Prevents,Ventricular Tachy,Epinephrine,SCN5A,1,23286974,We have previously discovered that flecainide in addition to conventional drug therapy prevents ventricular arrhythmias in patients with genotype-positive CPVT.
Lidocaine,Prevents,Ventricular Tachy,Epinephrine,SCN5A,1,23743237,"Administration of prophylactic lidocaine upon ROSC after OHCA was consistently associated with less recurrent VF/VT arrest,"
Mexiletine,Prevents,Ventricular Tachy,Epinephrine,SCN5A,1,29016765,Experimental studies and clinical reports suggest antiarrhythmic properties of mexiletine in different arrhythmias
Phenytoin,No Effect ,Ventricular Tachy,Epinephrine,SCN5A,1,26775897,"(single patient case study) Hemodynamic instability, ventricular tachycardia, and status epilepticus developed, which were refractory to phenytoin, diazepam, and infusions of thiopental, midazolam and amiodarone."
Procainamide,Prevents,Ventricular Tachy,Epinephrine,SCN5A,1,24042252,"Based on limited available evidence from small heterogeneous human studies, for the treatment of stable, monomorphic VT, procainamide, ajmaline and sotalol were all superior to lidocaine; amiodarone was not more effective than procainamide"
Procainamide,Prevents,Ventricular Tachy,Epinephrine,SCN5A,1,25770749,The patient's refractory ventricular tachycardia was treated with intravenous procainamide owing to the patient's history of amiodarone-induced thyroiditis.
Propafenone,Aggravates,Ventricular Tachy,Epinephrine,SCN5A,1,29095381,"case study with 3 year old: Propafenone is a class 1C antiarrhythmic drug used in the second-line management of supraventricular and ventricular arrhythmias and, when unintentionally ingested, can lead to severe and life-threatening poisoning. We describe a case of a 3-year-old male patient unintentionally ingesting 300 mg (20 mg/kg) of propafenone and presenting with ventricular tachycardia with QT prolongation. "
Propafenone,Aggravates,Ventricular Tachy,Epinephrine,SCN5A,1,25889809,Ventricular arrhythmia (VA) can occur during propafenone therapy in atrial fibrillation (AF) patients with structurally normal heart.
Quinidine,Prevents,Ventricular Tachy,Epinephrine,SCN5A,1,24378566,Quinidine (10 μM) or isoproterenol (1 μM) restored homogeneity and suppressed VT/VF.
Quinidine,Prevents,Ventricular Tachy,Epinephrine,SCN5A,1,24429494,"Quinidine, cilostazol, and milrinone suppress the hypothermia-induced VT/VF by reversing the repolarization abnormalities."
Ranolazine,No effect,Ventricular Tachy,Epinephrine,SCN5A,1,30071993,"In high-risk ICD patients, treatment with ranolazine did not significantly reduce the incidence of the first VT or VF, or death."
Ranolazine,Prevents,Ventricular Tachy,Epinephrine,SCN5A,1,24533675,"Although not approved for this indication, ranolazine appears effective for symptomatic ventricular arrhythmias."
Verapamil,Not Related,Ventricular Tachy,Epinephrine,SCN5A,1,24973705,
Verapamil,Not Related,Ventricular Tachy,Epinephrine,SCN5A,1,24906515,
Verapamil,Not Related,Ventricular Tachy,Epinephrine,SCN5A,1,29693943,A 32-year-old pregnant woman with verapamil sensitive ventricular tachycardia
Verapamil,Prevents,Ventricular Tachy,Epinephrine,SCN5A,1,24054442,The patient had no recurrence of palpitations after atrial flutter ablation and medical treatment by verapamil for his ventricular tachycardia.
